effect,target,status,reason
asteroids_game,arduino_avr_fastled_msgeq7,BLOCKED,Asteroids (Game) is preview-ready but Arduino export is not wired yet.
asteroids_game,arduino_avr_fastled_noaudio,BLOCKED,Asteroids (Game) is preview-ready but Arduino export is not wired yet.
asteroids_game,arduino_avr_fastled_only,BLOCKED,Asteroids (Game) is preview-ready but Arduino export is not wired yet.
asteroids_game,arduino_avr_matrix_fastled_msgeq7,BLOCKED,Asteroids (Game) is preview-ready but Arduino export is not wired yet.
asteroids_game,arduino_mega_fastled_msgeq7,BLOCKED,Asteroids (Game) is preview-ready but Arduino export is not wired yet.
asteroids_game,arduino_mega_pio_fastled_msgeq7,BLOCKED,Asteroids (Game) is preview-ready but Arduino export is not wired yet.
asteroids_game,arduino_uno_fastled_msgeq7,BLOCKED,Asteroids (Game) is preview-ready but Arduino export is not wired yet.
asteroids_game,arduino_uno_pio_fastled_msgeq7,BLOCKED,Asteroids (Game) is preview-ready but Arduino export is not wired yet.
asteroids_game,esp32_fastled_msgeq7,BLOCKED,Asteroids (Game) is preview-ready but Arduino export is not wired yet.
asteroids_game,esp32_hub75_i2sdma_msgeq7,BLOCKED,Asteroids (Game) is preview-ready but Arduino export is not wired yet.
asteroids_game,esp32_neopixelbus_msgeq7,BLOCKED,Asteroids (Game) is preview-ready but Arduino export is not wired yet.
asteroids_game,esp8266_fastled_noneaudio,BLOCKED,Asteroids (Game) is preview-ready but Arduino export is not wired yet.
asteroids_game,rp2040_fastled_noneaudio,BLOCKED,Asteroids (Game) is preview-ready but Arduino export is not wired yet.
asteroids_game,rp2040_pico_fastled_msgeq7,BLOCKED,Asteroids (Game) is preview-ready but Arduino export is not wired yet.
asteroids_game,stm32_fastled_noneaudio,BLOCKED,Asteroids (Game) is preview-ready but Arduino export is not wired yet.
asteroids_game,teensy40_fastled_msgeq7,BLOCKED,Asteroids (Game) is preview-ready but Arduino export is not wired yet.
asteroids_game,teensy41_fastled,BLOCKED,Asteroids (Game) is preview-ready but Arduino export is not wired yet.
asteroids_game,teensy41_fastled_noneaudio,BLOCKED,Asteroids (Game) is preview-ready but Arduino export is not wired yet.
audio_meter,arduino_avr_fastled_msgeq7,PASS,
audio_meter,arduino_avr_fastled_noaudio,PASS,
audio_meter,arduino_avr_fastled_only,PASS,
audio_meter,arduino_avr_matrix_fastled_msgeq7,PASS,
audio_meter,arduino_mega_fastled_msgeq7,PASS,
audio_meter,arduino_mega_pio_fastled_msgeq7,PASS,
audio_meter,arduino_uno_fastled_msgeq7,PASS,
audio_meter,arduino_uno_pio_fastled_msgeq7,PASS,
audio_meter,esp32_fastled_msgeq7,PASS,
audio_meter,esp32_hub75_i2sdma_msgeq7,PASS,
audio_meter,esp32_neopixelbus_msgeq7,PASS,
audio_meter,esp8266_fastled_noneaudio,PASS,
audio_meter,rp2040_fastled_noneaudio,PASS,
audio_meter,rp2040_pico_fastled_msgeq7,PASS,
audio_meter,stm32_fastled_noneaudio,PASS,
audio_meter,teensy40_fastled_msgeq7,PASS,
audio_meter,teensy41_fastled,PASS,
audio_meter,teensy41_fastled_noneaudio,PASS,
audio_routed_zones,arduino_avr_fastled_msgeq7,PASS,
audio_routed_zones,arduino_avr_fastled_noaudio,PASS,
audio_routed_zones,arduino_avr_fastled_only,PASS,
audio_routed_zones,arduino_avr_matrix_fastled_msgeq7,PASS,
audio_routed_zones,arduino_mega_fastled_msgeq7,PASS,
audio_routed_zones,arduino_mega_pio_fastled_msgeq7,PASS,
audio_routed_zones,arduino_uno_fastled_msgeq7,PASS,
audio_routed_zones,arduino_uno_pio_fastled_msgeq7,PASS,
audio_routed_zones,esp32_fastled_msgeq7,PASS,
audio_routed_zones,esp32_hub75_i2sdma_msgeq7,PASS,
audio_routed_zones,esp32_neopixelbus_msgeq7,PASS,
audio_routed_zones,esp8266_fastled_noneaudio,PASS,
audio_routed_zones,rp2040_fastled_noneaudio,PASS,
audio_routed_zones,rp2040_pico_fastled_msgeq7,PASS,
audio_routed_zones,stm32_fastled_noneaudio,PASS,
audio_routed_zones,teensy40_fastled_msgeq7,PASS,
audio_routed_zones,teensy41_fastled,PASS,
audio_routed_zones,teensy41_fastled_noneaudio,PASS,
audio_zone_eq,arduino_avr_fastled_msgeq7,PASS,
audio_zone_eq,arduino_avr_fastled_noaudio,PASS,
audio_zone_eq,arduino_avr_fastled_only,PASS,
audio_zone_eq,arduino_avr_matrix_fastled_msgeq7,PASS,
audio_zone_eq,arduino_mega_fastled_msgeq7,PASS,
audio_zone_eq,arduino_mega_pio_fastled_msgeq7,PASS,
audio_zone_eq,arduino_uno_fastled_msgeq7,PASS,
audio_zone_eq,arduino_uno_pio_fastled_msgeq7,PASS,
audio_zone_eq,esp32_fastled_msgeq7,PASS,
audio_zone_eq,esp32_hub75_i2sdma_msgeq7,PASS,
audio_zone_eq,esp32_neopixelbus_msgeq7,PASS,
audio_zone_eq,esp8266_fastled_noneaudio,PASS,
audio_zone_eq,rp2040_fastled_noneaudio,PASS,
audio_zone_eq,rp2040_pico_fastled_msgeq7,PASS,
audio_zone_eq,stm32_fastled_noneaudio,PASS,
audio_zone_eq,teensy40_fastled_msgeq7,PASS,
audio_zone_eq,teensy41_fastled,PASS,
audio_zone_eq,teensy41_fastled_noneaudio,PASS,
aurora,arduino_avr_fastled_msgeq7,PASS,
aurora,arduino_avr_fastled_noaudio,PASS,
aurora,arduino_avr_fastled_only,PASS,
aurora,arduino_avr_matrix_fastled_msgeq7,PASS,
aurora,arduino_mega_fastled_msgeq7,PASS,
aurora,arduino_mega_pio_fastled_msgeq7,PASS,
aurora,arduino_uno_fastled_msgeq7,PASS,
aurora,arduino_uno_pio_fastled_msgeq7,PASS,
aurora,esp32_fastled_msgeq7,PASS,
aurora,esp32_hub75_i2sdma_msgeq7,PASS,
aurora,esp32_neopixelbus_msgeq7,PASS,
aurora,esp8266_fastled_noneaudio,PASS,
aurora,rp2040_fastled_noneaudio,PASS,
aurora,rp2040_pico_fastled_msgeq7,PASS,
aurora,stm32_fastled_noneaudio,PASS,
aurora,teensy40_fastled_msgeq7,PASS,
aurora,teensy41_fastled,PASS,
aurora,teensy41_fastled_noneaudio,PASS,
blocks_ball_game_ino,arduino_avr_fastled_msgeq7,BLOCKED,Blocks+Ball (INO Port) is preview-ready but Arduino export is not yet wired into the multi-layer exporter.
blocks_ball_game_ino,arduino_avr_fastled_noaudio,BLOCKED,Blocks+Ball (INO Port) is preview-ready but Arduino export is not yet wired into the multi-layer exporter.
blocks_ball_game_ino,arduino_avr_fastled_only,BLOCKED,Blocks+Ball (INO Port) is preview-ready but Arduino export is not yet wired into the multi-layer exporter.
blocks_ball_game_ino,arduino_avr_matrix_fastled_msgeq7,BLOCKED,Blocks+Ball (INO Port) is preview-ready but Arduino export is not yet wired into the multi-layer exporter.
blocks_ball_game_ino,arduino_mega_fastled_msgeq7,BLOCKED,Blocks+Ball (INO Port) is preview-ready but Arduino export is not yet wired into the multi-layer exporter.
blocks_ball_game_ino,arduino_mega_pio_fastled_msgeq7,BLOCKED,Blocks+Ball (INO Port) is preview-ready but Arduino export is not yet wired into the multi-layer exporter.
blocks_ball_game_ino,arduino_uno_fastled_msgeq7,BLOCKED,Blocks+Ball (INO Port) is preview-ready but Arduino export is not yet wired into the multi-layer exporter.
blocks_ball_game_ino,arduino_uno_pio_fastled_msgeq7,BLOCKED,Blocks+Ball (INO Port) is preview-ready but Arduino export is not yet wired into the multi-layer exporter.
blocks_ball_game_ino,esp32_fastled_msgeq7,BLOCKED,Blocks+Ball (INO Port) is preview-ready but Arduino export is not yet wired into the multi-layer exporter.
blocks_ball_game_ino,esp32_hub75_i2sdma_msgeq7,BLOCKED,Blocks+Ball (INO Port) is preview-ready but Arduino export is not yet wired into the multi-layer exporter.
blocks_ball_game_ino,esp32_neopixelbus_msgeq7,BLOCKED,Blocks+Ball (INO Port) is preview-ready but Arduino export is not yet wired into the multi-layer exporter.
blocks_ball_game_ino,esp8266_fastled_noneaudio,BLOCKED,Blocks+Ball (INO Port) is preview-ready but Arduino export is not yet wired into the multi-layer exporter.
blocks_ball_game_ino,rp2040_fastled_noneaudio,BLOCKED,Blocks+Ball (INO Port) is preview-ready but Arduino export is not yet wired into the multi-layer exporter.
blocks_ball_game_ino,rp2040_pico_fastled_msgeq7,BLOCKED,Blocks+Ball (INO Port) is preview-ready but Arduino export is not yet wired into the multi-layer exporter.
blocks_ball_game_ino,stm32_fastled_noneaudio,BLOCKED,Blocks+Ball (INO Port) is preview-ready but Arduino export is not yet wired into the multi-layer exporter.
blocks_ball_game_ino,teensy40_fastled_msgeq7,BLOCKED,Blocks+Ball (INO Port) is preview-ready but Arduino export is not yet wired into the multi-layer exporter.
blocks_ball_game_ino,teensy41_fastled,BLOCKED,Blocks+Ball (INO Port) is preview-ready but Arduino export is not yet wired into the multi-layer exporter.
blocks_ball_game_ino,teensy41_fastled_noneaudio,BLOCKED,Blocks+Ball (INO Port) is preview-ready but Arduino export is not yet wired into the multi-layer exporter.
bpm,arduino_avr_fastled_msgeq7,PASS,
bpm,arduino_avr_fastled_noaudio,PASS,
bpm,arduino_avr_fastled_only,PASS,
bpm,arduino_avr_matrix_fastled_msgeq7,PASS,
bpm,arduino_mega_fastled_msgeq7,PASS,
bpm,arduino_mega_pio_fastled_msgeq7,PASS,
bpm,arduino_uno_fastled_msgeq7,PASS,
bpm,arduino_uno_pio_fastled_msgeq7,PASS,
bpm,esp32_fastled_msgeq7,PASS,
bpm,esp32_hub75_i2sdma_msgeq7,PASS,
bpm,esp32_neopixelbus_msgeq7,PASS,
bpm,esp8266_fastled_noneaudio,PASS,
bpm,rp2040_fastled_noneaudio,PASS,
bpm,rp2040_pico_fastled_msgeq7,PASS,
bpm,stm32_fastled_noneaudio,PASS,
bpm,teensy40_fastled_msgeq7,PASS,
bpm,teensy41_fastled,PASS,
bpm,teensy41_fastled_noneaudio,PASS,
bpm_pulse_train,arduino_avr_fastled_msgeq7,PASS,
bpm_pulse_train,arduino_avr_fastled_noaudio,PASS,
bpm_pulse_train,arduino_avr_fastled_only,PASS,
bpm_pulse_train,arduino_avr_matrix_fastled_msgeq7,PASS,
bpm_pulse_train,arduino_mega_fastled_msgeq7,PASS,
bpm_pulse_train,arduino_mega_pio_fastled_msgeq7,PASS,
bpm_pulse_train,arduino_uno_fastled_msgeq7,PASS,
bpm_pulse_train,arduino_uno_pio_fastled_msgeq7,PASS,
bpm_pulse_train,esp32_fastled_msgeq7,PASS,
bpm_pulse_train,esp32_hub75_i2sdma_msgeq7,PASS,
bpm_pulse_train,esp32_neopixelbus_msgeq7,PASS,
bpm_pulse_train,esp8266_fastled_noneaudio,PASS,
bpm_pulse_train,rp2040_fastled_noneaudio,PASS,
bpm_pulse_train,rp2040_pico_fastled_msgeq7,PASS,
bpm_pulse_train,stm32_fastled_noneaudio,PASS,
bpm_pulse_train,teensy40_fastled_msgeq7,PASS,
bpm_pulse_train,teensy41_fastled,PASS,
bpm_pulse_train,teensy41_fastled_noneaudio,PASS,
breakout_game,arduino_avr_fastled_msgeq7,BLOCKED,Breakout (Game) is preview-ready but Arduino export is not wired yet.
breakout_game,arduino_avr_fastled_noaudio,BLOCKED,Breakout (Game) is preview-ready but Arduino export is not wired yet.
breakout_game,arduino_avr_fastled_only,BLOCKED,Breakout (Game) is preview-ready but Arduino export is not wired yet.
breakout_game,arduino_avr_matrix_fastled_msgeq7,BLOCKED,Breakout (Game) is preview-ready but Arduino export is not wired yet.
breakout_game,arduino_mega_fastled_msgeq7,BLOCKED,Breakout (Game) is preview-ready but Arduino export is not wired yet.
breakout_game,arduino_mega_pio_fastled_msgeq7,BLOCKED,Breakout (Game) is preview-ready but Arduino export is not wired yet.
breakout_game,arduino_uno_fastled_msgeq7,BLOCKED,Breakout (Game) is preview-ready but Arduino export is not wired yet.
breakout_game,arduino_uno_pio_fastled_msgeq7,BLOCKED,Breakout (Game) is preview-ready but Arduino export is not wired yet.
breakout_game,esp32_fastled_msgeq7,BLOCKED,Breakout (Game) is preview-ready but Arduino export is not wired yet.
breakout_game,esp32_hub75_i2sdma_msgeq7,BLOCKED,Breakout (Game) is preview-ready but Arduino export is not wired yet.
breakout_game,esp32_neopixelbus_msgeq7,BLOCKED,Breakout (Game) is preview-ready but Arduino export is not wired yet.
breakout_game,esp8266_fastled_noneaudio,BLOCKED,Breakout (Game) is preview-ready but Arduino export is not wired yet.
breakout_game,rp2040_fastled_noneaudio,BLOCKED,Breakout (Game) is preview-ready but Arduino export is not wired yet.
breakout_game,rp2040_pico_fastled_msgeq7,BLOCKED,Breakout (Game) is preview-ready but Arduino export is not wired yet.
breakout_game,stm32_fastled_noneaudio,BLOCKED,Breakout (Game) is preview-ready but Arduino export is not wired yet.
breakout_game,teensy40_fastled_msgeq7,BLOCKED,Breakout (Game) is preview-ready but Arduino export is not wired yet.
breakout_game,teensy41_fastled,BLOCKED,Breakout (Game) is preview-ready but Arduino export is not wired yet.
breakout_game,teensy41_fastled_noneaudio,BLOCKED,Breakout (Game) is preview-ready but Arduino export is not wired yet.
brians_brain,arduino_avr_fastled_msgeq7,BLOCKED,Export not yet supported for Brian's Brain (preview only for now).
brians_brain,arduino_avr_fastled_noaudio,BLOCKED,Export not yet supported for Brian's Brain (preview only for now).
brians_brain,arduino_avr_fastled_only,BLOCKED,Export not yet supported for Brian's Brain (preview only for now).
brians_brain,arduino_avr_matrix_fastled_msgeq7,BLOCKED,Export not yet supported for Brian's Brain (preview only for now).
brians_brain,arduino_mega_fastled_msgeq7,BLOCKED,Export not yet supported for Brian's Brain (preview only for now).
brians_brain,arduino_mega_pio_fastled_msgeq7,BLOCKED,Export not yet supported for Brian's Brain (preview only for now).
brians_brain,arduino_uno_fastled_msgeq7,BLOCKED,Export not yet supported for Brian's Brain (preview only for now).
brians_brain,arduino_uno_pio_fastled_msgeq7,BLOCKED,Export not yet supported for Brian's Brain (preview only for now).
brians_brain,esp32_fastled_msgeq7,BLOCKED,Export not yet supported for Brian's Brain (preview only for now).
brians_brain,esp32_hub75_i2sdma_msgeq7,BLOCKED,Export not yet supported for Brian's Brain (preview only for now).
brians_brain,esp32_neopixelbus_msgeq7,BLOCKED,Export not yet supported for Brian's Brain (preview only for now).
brians_brain,esp8266_fastled_noneaudio,BLOCKED,Export not yet supported for Brian's Brain (preview only for now).
brians_brain,rp2040_fastled_noneaudio,BLOCKED,Export not yet supported for Brian's Brain (preview only for now).
brians_brain,rp2040_pico_fastled_msgeq7,BLOCKED,Export not yet supported for Brian's Brain (preview only for now).
brians_brain,stm32_fastled_noneaudio,BLOCKED,Export not yet supported for Brian's Brain (preview only for now).
brians_brain,teensy40_fastled_msgeq7,BLOCKED,Export not yet supported for Brian's Brain (preview only for now).
brians_brain,teensy41_fastled,BLOCKED,Export not yet supported for Brian's Brain (preview only for now).
brians_brain,teensy41_fastled_noneaudio,BLOCKED,Export not yet supported for Brian's Brain (preview only for now).
call_response,arduino_avr_fastled_msgeq7,PASS,
call_response,arduino_avr_fastled_noaudio,PASS,
call_response,arduino_avr_fastled_only,PASS,
call_response,arduino_avr_matrix_fastled_msgeq7,PASS,
call_response,arduino_mega_fastled_msgeq7,PASS,
call_response,arduino_mega_pio_fastled_msgeq7,PASS,
call_response,arduino_uno_fastled_msgeq7,PASS,
call_response,arduino_uno_pio_fastled_msgeq7,PASS,
call_response,esp32_fastled_msgeq7,PASS,
call_response,esp32_hub75_i2sdma_msgeq7,PASS,
call_response,esp32_neopixelbus_msgeq7,PASS,
call_response,esp8266_fastled_noneaudio,PASS,
call_response,rp2040_fastled_noneaudio,PASS,
call_response,rp2040_pico_fastled_msgeq7,PASS,
call_response,stm32_fastled_noneaudio,PASS,
call_response,teensy40_fastled_msgeq7,PASS,
call_response,teensy41_fastled,PASS,
call_response,teensy41_fastled_noneaudio,PASS,
chase,arduino_avr_fastled_msgeq7,PASS,
chase,arduino_avr_fastled_noaudio,PASS,
chase,arduino_avr_fastled_only,PASS,
chase,arduino_avr_matrix_fastled_msgeq7,PASS,
chase,arduino_mega_fastled_msgeq7,PASS,
chase,arduino_mega_pio_fastled_msgeq7,PASS,
chase,arduino_uno_fastled_msgeq7,PASS,
chase,arduino_uno_pio_fastled_msgeq7,PASS,
chase,esp32_fastled_msgeq7,PASS,
chase,esp32_hub75_i2sdma_msgeq7,PASS,
chase,esp32_neopixelbus_msgeq7,PASS,
chase,esp8266_fastled_noneaudio,PASS,
chase,rp2040_fastled_noneaudio,PASS,
chase,rp2040_pico_fastled_msgeq7,PASS,
chase,stm32_fastled_noneaudio,PASS,
chase,teensy40_fastled_msgeq7,PASS,
chase,teensy41_fastled,PASS,
chase,teensy41_fastled_noneaudio,PASS,
clock_hhmm_digits,arduino_avr_fastled_msgeq7,PASS,
clock_hhmm_digits,arduino_avr_fastled_noaudio,PASS,
clock_hhmm_digits,arduino_avr_fastled_only,PASS,
clock_hhmm_digits,arduino_avr_matrix_fastled_msgeq7,PASS,
clock_hhmm_digits,arduino_mega_fastled_msgeq7,PASS,
clock_hhmm_digits,arduino_mega_pio_fastled_msgeq7,PASS,
clock_hhmm_digits,arduino_uno_fastled_msgeq7,PASS,
clock_hhmm_digits,arduino_uno_pio_fastled_msgeq7,PASS,
clock_hhmm_digits,esp32_fastled_msgeq7,PASS,
clock_hhmm_digits,esp32_hub75_i2sdma_msgeq7,PASS,
clock_hhmm_digits,esp32_neopixelbus_msgeq7,PASS,
clock_hhmm_digits,esp8266_fastled_noneaudio,PASS,
clock_hhmm_digits,rp2040_fastled_noneaudio,PASS,
clock_hhmm_digits,rp2040_pico_fastled_msgeq7,PASS,
clock_hhmm_digits,stm32_fastled_noneaudio,PASS,
clock_hhmm_digits,teensy40_fastled_msgeq7,PASS,
clock_hhmm_digits,teensy41_fastled,PASS,
clock_hhmm_digits,teensy41_fastled_noneaudio,PASS,
clock_seconds_dot,arduino_avr_fastled_msgeq7,PASS,
clock_seconds_dot,arduino_avr_fastled_noaudio,PASS,
clock_seconds_dot,arduino_avr_fastled_only,PASS,
clock_seconds_dot,arduino_avr_matrix_fastled_msgeq7,PASS,
clock_seconds_dot,arduino_mega_fastled_msgeq7,PASS,
clock_seconds_dot,arduino_mega_pio_fastled_msgeq7,PASS,
clock_seconds_dot,arduino_uno_fastled_msgeq7,PASS,
clock_seconds_dot,arduino_uno_pio_fastled_msgeq7,PASS,
clock_seconds_dot,esp32_fastled_msgeq7,PASS,
clock_seconds_dot,esp32_hub75_i2sdma_msgeq7,PASS,
clock_seconds_dot,esp32_neopixelbus_msgeq7,PASS,
clock_seconds_dot,esp8266_fastled_noneaudio,PASS,
clock_seconds_dot,rp2040_fastled_noneaudio,PASS,
clock_seconds_dot,rp2040_pico_fastled_msgeq7,PASS,
clock_seconds_dot,stm32_fastled_noneaudio,PASS,
clock_seconds_dot,teensy40_fastled_msgeq7,PASS,
clock_seconds_dot,teensy41_fastled,PASS,
clock_seconds_dot,teensy41_fastled_noneaudio,PASS,
color_wipe,arduino_avr_fastled_msgeq7,PASS,
color_wipe,arduino_avr_fastled_noaudio,PASS,
color_wipe,arduino_avr_fastled_only,PASS,
color_wipe,arduino_avr_matrix_fastled_msgeq7,PASS,
color_wipe,arduino_mega_fastled_msgeq7,PASS,
color_wipe,arduino_mega_pio_fastled_msgeq7,PASS,
color_wipe,arduino_uno_fastled_msgeq7,PASS,
color_wipe,arduino_uno_pio_fastled_msgeq7,PASS,
color_wipe,esp32_fastled_msgeq7,PASS,
color_wipe,esp32_hub75_i2sdma_msgeq7,PASS,
color_wipe,esp32_neopixelbus_msgeq7,PASS,
color_wipe,esp8266_fastled_noneaudio,PASS,
color_wipe,rp2040_fastled_noneaudio,PASS,
color_wipe,rp2040_pico_fastled_msgeq7,PASS,
color_wipe,stm32_fastled_noneaudio,PASS,
color_wipe,teensy40_fastled_msgeq7,PASS,
color_wipe,teensy41_fastled,PASS,
color_wipe,teensy41_fastled_noneaudio,PASS,
comet_storm,arduino_avr_fastled_msgeq7,PASS,
comet_storm,arduino_avr_fastled_noaudio,PASS,
comet_storm,arduino_avr_fastled_only,PASS,
comet_storm,arduino_avr_matrix_fastled_msgeq7,PASS,
comet_storm,arduino_mega_fastled_msgeq7,PASS,
comet_storm,arduino_mega_pio_fastled_msgeq7,PASS,
comet_storm,arduino_uno_fastled_msgeq7,PASS,
comet_storm,arduino_uno_pio_fastled_msgeq7,PASS,
comet_storm,esp32_fastled_msgeq7,PASS,
comet_storm,esp32_hub75_i2sdma_msgeq7,PASS,
comet_storm,esp32_neopixelbus_msgeq7,PASS,
comet_storm,esp8266_fastled_noneaudio,PASS,
comet_storm,rp2040_fastled_noneaudio,PASS,
comet_storm,rp2040_pico_fastled_msgeq7,PASS,
comet_storm,stm32_fastled_noneaudio,PASS,
comet_storm,teensy40_fastled_msgeq7,PASS,
comet_storm,teensy41_fastled,PASS,
comet_storm,teensy41_fastled_noneaudio,PASS,
confetti,arduino_avr_fastled_msgeq7,PASS,
confetti,arduino_avr_fastled_noaudio,PASS,
confetti,arduino_avr_fastled_only,PASS,
confetti,arduino_avr_matrix_fastled_msgeq7,PASS,
confetti,arduino_mega_fastled_msgeq7,PASS,
confetti,arduino_mega_pio_fastled_msgeq7,PASS,
confetti,arduino_uno_fastled_msgeq7,PASS,
confetti,arduino_uno_pio_fastled_msgeq7,PASS,
confetti,esp32_fastled_msgeq7,PASS,
confetti,esp32_hub75_i2sdma_msgeq7,PASS,
confetti,esp32_neopixelbus_msgeq7,PASS,
confetti,esp8266_fastled_noneaudio,PASS,
confetti,rp2040_fastled_noneaudio,PASS,
confetti,rp2040_pico_fastled_msgeq7,PASS,
confetti,stm32_fastled_noneaudio,PASS,
confetti,teensy40_fastled_msgeq7,PASS,
confetti,teensy41_fastled,PASS,
confetti,teensy41_fastled_noneaudio,PASS,
crystal_shards,arduino_avr_fastled_msgeq7,PASS,
crystal_shards,arduino_avr_fastled_noaudio,PASS,
crystal_shards,arduino_avr_fastled_only,PASS,
crystal_shards,arduino_avr_matrix_fastled_msgeq7,PASS,
crystal_shards,arduino_mega_fastled_msgeq7,PASS,
crystal_shards,arduino_mega_pio_fastled_msgeq7,PASS,
crystal_shards,arduino_uno_fastled_msgeq7,PASS,
crystal_shards,arduino_uno_pio_fastled_msgeq7,PASS,
crystal_shards,esp32_fastled_msgeq7,PASS,
crystal_shards,esp32_hub75_i2sdma_msgeq7,PASS,
crystal_shards,esp32_neopixelbus_msgeq7,PASS,
crystal_shards,esp8266_fastled_noneaudio,PASS,
crystal_shards,rp2040_fastled_noneaudio,PASS,
crystal_shards,rp2040_pico_fastled_msgeq7,PASS,
crystal_shards,stm32_fastled_noneaudio,PASS,
crystal_shards,teensy40_fastled_msgeq7,PASS,
crystal_shards,teensy41_fastled,PASS,
crystal_shards,teensy41_fastled_noneaudio,PASS,
cylon,arduino_avr_fastled_msgeq7,PASS,
cylon,arduino_avr_fastled_noaudio,PASS,
cylon,arduino_avr_fastled_only,PASS,
cylon,arduino_avr_matrix_fastled_msgeq7,PASS,
cylon,arduino_mega_fastled_msgeq7,PASS,
cylon,arduino_mega_pio_fastled_msgeq7,PASS,
cylon,arduino_uno_fastled_msgeq7,PASS,
cylon,arduino_uno_pio_fastled_msgeq7,PASS,
cylon,esp32_fastled_msgeq7,PASS,
cylon,esp32_hub75_i2sdma_msgeq7,PASS,
cylon,esp32_neopixelbus_msgeq7,PASS,
cylon,esp8266_fastled_noneaudio,PASS,
cylon,rp2040_fastled_noneaudio,PASS,
cylon,rp2040_pico_fastled_msgeq7,PASS,
cylon,stm32_fastled_noneaudio,PASS,
cylon,teensy40_fastled_msgeq7,PASS,
cylon,teensy41_fastled,PASS,
cylon,teensy41_fastled_noneaudio,PASS,
demo_asteroids,arduino_avr_fastled_msgeq7,PASS,
demo_asteroids,arduino_avr_fastled_noaudio,PASS,
demo_asteroids,arduino_avr_fastled_only,PASS,
demo_asteroids,arduino_avr_matrix_fastled_msgeq7,PASS,
demo_asteroids,arduino_mega_fastled_msgeq7,PASS,
demo_asteroids,arduino_mega_pio_fastled_msgeq7,PASS,
demo_asteroids,arduino_uno_fastled_msgeq7,PASS,
demo_asteroids,arduino_uno_pio_fastled_msgeq7,PASS,
demo_asteroids,esp32_fastled_msgeq7,PASS,
demo_asteroids,esp32_hub75_i2sdma_msgeq7,PASS,
demo_asteroids,esp32_neopixelbus_msgeq7,PASS,
demo_asteroids,esp8266_fastled_noneaudio,PASS,
demo_asteroids,rp2040_fastled_noneaudio,PASS,
demo_asteroids,rp2040_pico_fastled_msgeq7,PASS,
demo_asteroids,stm32_fastled_noneaudio,PASS,
demo_asteroids,teensy40_fastled_msgeq7,PASS,
demo_asteroids,teensy41_fastled,PASS,
demo_asteroids,teensy41_fastled_noneaudio,PASS,
demo_breakout,arduino_avr_fastled_msgeq7,PASS,
demo_breakout,arduino_avr_fastled_noaudio,PASS,
demo_breakout,arduino_avr_fastled_only,PASS,
demo_breakout,arduino_avr_matrix_fastled_msgeq7,PASS,
demo_breakout,arduino_mega_fastled_msgeq7,PASS,
demo_breakout,arduino_mega_pio_fastled_msgeq7,PASS,
demo_breakout,arduino_uno_fastled_msgeq7,PASS,
demo_breakout,arduino_uno_pio_fastled_msgeq7,PASS,
demo_breakout,esp32_fastled_msgeq7,PASS,
demo_breakout,esp32_hub75_i2sdma_msgeq7,PASS,
demo_breakout,esp32_neopixelbus_msgeq7,PASS,
demo_breakout,esp8266_fastled_noneaudio,PASS,
demo_breakout,rp2040_fastled_noneaudio,PASS,
demo_breakout,rp2040_pico_fastled_msgeq7,PASS,
demo_breakout,stm32_fastled_noneaudio,PASS,
demo_breakout,teensy40_fastled_msgeq7,PASS,
demo_breakout,teensy41_fastled,PASS,
demo_breakout,teensy41_fastled_noneaudio,PASS,
dna_helix,arduino_avr_fastled_msgeq7,PASS,
dna_helix,arduino_avr_fastled_noaudio,PASS,
dna_helix,arduino_avr_fastled_only,PASS,
dna_helix,arduino_avr_matrix_fastled_msgeq7,PASS,
dna_helix,arduino_mega_fastled_msgeq7,PASS,
dna_helix,arduino_mega_pio_fastled_msgeq7,PASS,
dna_helix,arduino_uno_fastled_msgeq7,PASS,
dna_helix,arduino_uno_pio_fastled_msgeq7,PASS,
dna_helix,esp32_fastled_msgeq7,PASS,
dna_helix,esp32_hub75_i2sdma_msgeq7,PASS,
dna_helix,esp32_neopixelbus_msgeq7,PASS,
dna_helix,esp8266_fastled_noneaudio,PASS,
dna_helix,rp2040_fastled_noneaudio,PASS,
dna_helix,rp2040_pico_fastled_msgeq7,PASS,
dna_helix,stm32_fastled_noneaudio,PASS,
dna_helix,teensy40_fastled_msgeq7,PASS,
dna_helix,teensy41_fastled,PASS,
dna_helix,teensy41_fastled_noneaudio,PASS,
electric_web,arduino_avr_fastled_msgeq7,PASS,
electric_web,arduino_avr_fastled_noaudio,PASS,
electric_web,arduino_avr_fastled_only,PASS,
electric_web,arduino_avr_matrix_fastled_msgeq7,PASS,
electric_web,arduino_mega_fastled_msgeq7,PASS,
electric_web,arduino_mega_pio_fastled_msgeq7,PASS,
electric_web,arduino_uno_fastled_msgeq7,PASS,
electric_web,arduino_uno_pio_fastled_msgeq7,PASS,
electric_web,esp32_fastled_msgeq7,PASS,
electric_web,esp32_hub75_i2sdma_msgeq7,PASS,
electric_web,esp32_neopixelbus_msgeq7,PASS,
electric_web,esp8266_fastled_noneaudio,PASS,
electric_web,rp2040_fastled_noneaudio,PASS,
electric_web,rp2040_pico_fastled_msgeq7,PASS,
electric_web,stm32_fastled_noneaudio,PASS,
electric_web,teensy40_fastled_msgeq7,PASS,
electric_web,teensy41_fastled,PASS,
electric_web,teensy41_fastled_noneaudio,PASS,
elementary_ca,arduino_avr_fastled_msgeq7,BLOCKED,Export not yet supported for Elementary CA (preview only for now).
elementary_ca,arduino_avr_fastled_noaudio,BLOCKED,Export not yet supported for Elementary CA (preview only for now).
elementary_ca,arduino_avr_fastled_only,BLOCKED,Export not yet supported for Elementary CA (preview only for now).
elementary_ca,arduino_avr_matrix_fastled_msgeq7,BLOCKED,Export not yet supported for Elementary CA (preview only for now).
elementary_ca,arduino_mega_fastled_msgeq7,BLOCKED,Export not yet supported for Elementary CA (preview only for now).
elementary_ca,arduino_mega_pio_fastled_msgeq7,BLOCKED,Export not yet supported for Elementary CA (preview only for now).
elementary_ca,arduino_uno_fastled_msgeq7,BLOCKED,Export not yet supported for Elementary CA (preview only for now).
elementary_ca,arduino_uno_pio_fastled_msgeq7,BLOCKED,Export not yet supported for Elementary CA (preview only for now).
elementary_ca,esp32_fastled_msgeq7,BLOCKED,Export not yet supported for Elementary CA (preview only for now).
elementary_ca,esp32_hub75_i2sdma_msgeq7,BLOCKED,Export not yet supported for Elementary CA (preview only for now).
elementary_ca,esp32_neopixelbus_msgeq7,BLOCKED,Export not yet supported for Elementary CA (preview only for now).
elementary_ca,esp8266_fastled_noneaudio,BLOCKED,Export not yet supported for Elementary CA (preview only for now).
elementary_ca,rp2040_fastled_noneaudio,BLOCKED,Export not yet supported for Elementary CA (preview only for now).
elementary_ca,rp2040_pico_fastled_msgeq7,BLOCKED,Export not yet supported for Elementary CA (preview only for now).
elementary_ca,stm32_fastled_noneaudio,BLOCKED,Export not yet supported for Elementary CA (preview only for now).
elementary_ca,teensy40_fastled_msgeq7,BLOCKED,Export not yet supported for Elementary CA (preview only for now).
elementary_ca,teensy41_fastled,BLOCKED,Export not yet supported for Elementary CA (preview only for now).
elementary_ca,teensy41_fastled_noneaudio,BLOCKED,Export not yet supported for Elementary CA (preview only for now).
explosion,arduino_avr_fastled_msgeq7,PASS,
explosion,arduino_avr_fastled_noaudio,PASS,
explosion,arduino_avr_fastled_only,PASS,
explosion,arduino_avr_matrix_fastled_msgeq7,PASS,
explosion,arduino_mega_fastled_msgeq7,PASS,
explosion,arduino_mega_pio_fastled_msgeq7,PASS,
explosion,arduino_uno_fastled_msgeq7,PASS,
explosion,arduino_uno_pio_fastled_msgeq7,PASS,
explosion,esp32_fastled_msgeq7,PASS,
explosion,esp32_hub75_i2sdma_msgeq7,PASS,
explosion,esp32_neopixelbus_msgeq7,PASS,
explosion,esp8266_fastled_noneaudio,PASS,
explosion,rp2040_fastled_noneaudio,PASS,
explosion,rp2040_pico_fastled_msgeq7,PASS,
explosion,stm32_fastled_noneaudio,PASS,
explosion,teensy40_fastled_msgeq7,PASS,
explosion,teensy41_fastled,PASS,
explosion,teensy41_fastled_noneaudio,PASS,
fade,arduino_avr_fastled_msgeq7,PASS,
fade,arduino_avr_fastled_noaudio,PASS,
fade,arduino_avr_fastled_only,PASS,
fade,arduino_avr_matrix_fastled_msgeq7,PASS,
fade,arduino_mega_fastled_msgeq7,PASS,
fade,arduino_mega_pio_fastled_msgeq7,PASS,
fade,arduino_uno_fastled_msgeq7,PASS,
fade,arduino_uno_pio_fastled_msgeq7,PASS,
fade,esp32_fastled_msgeq7,PASS,
fade,esp32_hub75_i2sdma_msgeq7,PASS,
fade,esp32_neopixelbus_msgeq7,PASS,
fade,esp8266_fastled_noneaudio,PASS,
fade,rp2040_fastled_noneaudio,PASS,
fade,rp2040_pico_fastled_msgeq7,PASS,
fade,stm32_fastled_noneaudio,PASS,
fade,teensy40_fastled_msgeq7,PASS,
fade,teensy41_fastled,PASS,
fade,teensy41_fastled_noneaudio,PASS,
fire,arduino_avr_fastled_msgeq7,PASS,
fire,arduino_avr_fastled_noaudio,PASS,
fire,arduino_avr_fastled_only,PASS,
fire,arduino_avr_matrix_fastled_msgeq7,PASS,
fire,arduino_mega_fastled_msgeq7,PASS,
fire,arduino_mega_pio_fastled_msgeq7,PASS,
fire,arduino_uno_fastled_msgeq7,PASS,
fire,arduino_uno_pio_fastled_msgeq7,PASS,
fire,esp32_fastled_msgeq7,PASS,
fire,esp32_hub75_i2sdma_msgeq7,PASS,
fire,esp32_neopixelbus_msgeq7,PASS,
fire,esp8266_fastled_noneaudio,PASS,
fire,rp2040_fastled_noneaudio,PASS,
fire,rp2040_pico_fastled_msgeq7,PASS,
fire,stm32_fastled_noneaudio,PASS,
fire,teensy40_fastled_msgeq7,PASS,
fire,teensy41_fastled,PASS,
fire,teensy41_fastled_noneaudio,PASS,
fireworks,arduino_avr_fastled_msgeq7,PASS,
fireworks,arduino_avr_fastled_noaudio,PASS,
fireworks,arduino_avr_fastled_only,PASS,
fireworks,arduino_avr_matrix_fastled_msgeq7,PASS,
fireworks,arduino_mega_fastled_msgeq7,PASS,
fireworks,arduino_mega_pio_fastled_msgeq7,PASS,
fireworks,arduino_uno_fastled_msgeq7,PASS,
fireworks,arduino_uno_pio_fastled_msgeq7,PASS,
fireworks,esp32_fastled_msgeq7,PASS,
fireworks,esp32_hub75_i2sdma_msgeq7,PASS,
fireworks,esp32_neopixelbus_msgeq7,PASS,
fireworks,esp8266_fastled_noneaudio,PASS,
fireworks,rp2040_fastled_noneaudio,PASS,
fireworks,rp2040_pico_fastled_msgeq7,PASS,
fireworks,stm32_fastled_noneaudio,PASS,
fireworks,teensy40_fastled_msgeq7,PASS,
fireworks,teensy41_fastled,PASS,
fireworks,teensy41_fastled_noneaudio,PASS,
force_particles,arduino_avr_fastled_msgeq7,PASS,
force_particles,arduino_avr_fastled_noaudio,PASS,
force_particles,arduino_avr_fastled_only,PASS,
force_particles,arduino_avr_matrix_fastled_msgeq7,PASS,
force_particles,arduino_mega_fastled_msgeq7,PASS,
force_particles,arduino_mega_pio_fastled_msgeq7,PASS,
force_particles,arduino_uno_fastled_msgeq7,PASS,
force_particles,arduino_uno_pio_fastled_msgeq7,PASS,
force_particles,esp32_fastled_msgeq7,PASS,
force_particles,esp32_hub75_i2sdma_msgeq7,PASS,
force_particles,esp32_neopixelbus_msgeq7,PASS,
force_particles,esp8266_fastled_noneaudio,PASS,
force_particles,rp2040_fastled_noneaudio,PASS,
force_particles,rp2040_pico_fastled_msgeq7,PASS,
force_particles,stm32_fastled_noneaudio,PASS,
force_particles,teensy40_fastled_msgeq7,PASS,
force_particles,teensy41_fastled,PASS,
force_particles,teensy41_fastled_noneaudio,PASS,
fractal_flame,arduino_avr_fastled_msgeq7,PASS,
fractal_flame,arduino_avr_fastled_noaudio,PASS,
fractal_flame,arduino_avr_fastled_only,PASS,
fractal_flame,arduino_avr_matrix_fastled_msgeq7,PASS,
fractal_flame,arduino_mega_fastled_msgeq7,PASS,
fractal_flame,arduino_mega_pio_fastled_msgeq7,PASS,
fractal_flame,arduino_uno_fastled_msgeq7,PASS,
fractal_flame,arduino_uno_pio_fastled_msgeq7,PASS,
fractal_flame,esp32_fastled_msgeq7,PASS,
fractal_flame,esp32_hub75_i2sdma_msgeq7,PASS,
fractal_flame,esp32_neopixelbus_msgeq7,PASS,
fractal_flame,esp8266_fastled_noneaudio,PASS,
fractal_flame,rp2040_fastled_noneaudio,PASS,
fractal_flame,rp2040_pico_fastled_msgeq7,PASS,
fractal_flame,stm32_fastled_noneaudio,PASS,
fractal_flame,teensy40_fastled_msgeq7,PASS,
fractal_flame,teensy41_fastled,PASS,
fractal_flame,teensy41_fastled_noneaudio,PASS,
game_of_life,arduino_avr_fastled_msgeq7,BLOCKED,Export not yet supported for Game of Life (preview only for now).
game_of_life,arduino_avr_fastled_noaudio,BLOCKED,Export not yet supported for Game of Life (preview only for now).
game_of_life,arduino_avr_fastled_only,BLOCKED,Export not yet supported for Game of Life (preview only for now).
game_of_life,arduino_avr_matrix_fastled_msgeq7,BLOCKED,Export not yet supported for Game of Life (preview only for now).
game_of_life,arduino_mega_fastled_msgeq7,BLOCKED,Export not yet supported for Game of Life (preview only for now).
game_of_life,arduino_mega_pio_fastled_msgeq7,BLOCKED,Export not yet supported for Game of Life (preview only for now).
game_of_life,arduino_uno_fastled_msgeq7,BLOCKED,Export not yet supported for Game of Life (preview only for now).
game_of_life,arduino_uno_pio_fastled_msgeq7,BLOCKED,Export not yet supported for Game of Life (preview only for now).
game_of_life,esp32_fastled_msgeq7,BLOCKED,Export not yet supported for Game of Life (preview only for now).
game_of_life,esp32_hub75_i2sdma_msgeq7,BLOCKED,Export not yet supported for Game of Life (preview only for now).
game_of_life,esp32_neopixelbus_msgeq7,BLOCKED,Export not yet supported for Game of Life (preview only for now).
game_of_life,esp8266_fastled_noneaudio,BLOCKED,Export not yet supported for Game of Life (preview only for now).
game_of_life,rp2040_fastled_noneaudio,BLOCKED,Export not yet supported for Game of Life (preview only for now).
game_of_life,rp2040_pico_fastled_msgeq7,BLOCKED,Export not yet supported for Game of Life (preview only for now).
game_of_life,stm32_fastled_noneaudio,BLOCKED,Export not yet supported for Game of Life (preview only for now).
game_of_life,teensy40_fastled_msgeq7,BLOCKED,Export not yet supported for Game of Life (preview only for now).
game_of_life,teensy41_fastled,BLOCKED,Export not yet supported for Game of Life (preview only for now).
game_of_life,teensy41_fastled_noneaudio,BLOCKED,Export not yet supported for Game of Life (preview only for now).
glitch_datamosh,arduino_avr_fastled_msgeq7,PASS,
glitch_datamosh,arduino_avr_fastled_noaudio,PASS,
glitch_datamosh,arduino_avr_fastled_only,PASS,
glitch_datamosh,arduino_avr_matrix_fastled_msgeq7,PASS,
glitch_datamosh,arduino_mega_fastled_msgeq7,PASS,
glitch_datamosh,arduino_mega_pio_fastled_msgeq7,PASS,
glitch_datamosh,arduino_uno_fastled_msgeq7,PASS,
glitch_datamosh,arduino_uno_pio_fastled_msgeq7,PASS,
glitch_datamosh,esp32_fastled_msgeq7,PASS,
glitch_datamosh,esp32_hub75_i2sdma_msgeq7,PASS,
glitch_datamosh,esp32_neopixelbus_msgeq7,PASS,
glitch_datamosh,esp8266_fastled_noneaudio,PASS,
glitch_datamosh,rp2040_fastled_noneaudio,PASS,
glitch_datamosh,rp2040_pico_fastled_msgeq7,PASS,
glitch_datamosh,stm32_fastled_noneaudio,PASS,
glitch_datamosh,teensy40_fastled_msgeq7,PASS,
glitch_datamosh,teensy41_fastled,PASS,
glitch_datamosh,teensy41_fastled_noneaudio,PASS,
gradient,arduino_avr_fastled_msgeq7,PASS,
gradient,arduino_avr_fastled_noaudio,PASS,
gradient,arduino_avr_fastled_only,PASS,
gradient,arduino_avr_matrix_fastled_msgeq7,PASS,
gradient,arduino_mega_fastled_msgeq7,PASS,
gradient,arduino_mega_pio_fastled_msgeq7,PASS,
gradient,arduino_uno_fastled_msgeq7,PASS,
gradient,arduino_uno_pio_fastled_msgeq7,PASS,
gradient,esp32_fastled_msgeq7,PASS,
gradient,esp32_hub75_i2sdma_msgeq7,PASS,
gradient,esp32_neopixelbus_msgeq7,PASS,
gradient,esp8266_fastled_noneaudio,PASS,
gradient,rp2040_fastled_noneaudio,PASS,
gradient,rp2040_pico_fastled_msgeq7,PASS,
gradient,stm32_fastled_noneaudio,PASS,
gradient,teensy40_fastled_msgeq7,PASS,
gradient,teensy41_fastled,PASS,
gradient,teensy41_fastled_noneaudio,PASS,
gravity_blobs,arduino_avr_fastled_msgeq7,PASS,
gravity_blobs,arduino_avr_fastled_noaudio,PASS,
gravity_blobs,arduino_avr_fastled_only,PASS,
gravity_blobs,arduino_avr_matrix_fastled_msgeq7,PASS,
gravity_blobs,arduino_mega_fastled_msgeq7,PASS,
gravity_blobs,arduino_mega_pio_fastled_msgeq7,PASS,
gravity_blobs,arduino_uno_fastled_msgeq7,PASS,
gravity_blobs,arduino_uno_pio_fastled_msgeq7,PASS,
gravity_blobs,esp32_fastled_msgeq7,PASS,
gravity_blobs,esp32_hub75_i2sdma_msgeq7,PASS,
gravity_blobs,esp32_neopixelbus_msgeq7,PASS,
gravity_blobs,esp8266_fastled_noneaudio,PASS,
gravity_blobs,rp2040_fastled_noneaudio,PASS,
gravity_blobs,rp2040_pico_fastled_msgeq7,PASS,
gravity_blobs,stm32_fastled_noneaudio,PASS,
gravity_blobs,teensy40_fastled_msgeq7,PASS,
gravity_blobs,teensy41_fastled,PASS,
gravity_blobs,teensy41_fastled_noneaudio,PASS,
hyperspace,arduino_avr_fastled_msgeq7,PASS,
hyperspace,arduino_avr_fastled_noaudio,PASS,
hyperspace,arduino_avr_fastled_only,PASS,
hyperspace,arduino_avr_matrix_fastled_msgeq7,PASS,
hyperspace,arduino_mega_fastled_msgeq7,PASS,
hyperspace,arduino_mega_pio_fastled_msgeq7,PASS,
hyperspace,arduino_uno_fastled_msgeq7,PASS,
hyperspace,arduino_uno_pio_fastled_msgeq7,PASS,
hyperspace,esp32_fastled_msgeq7,PASS,
hyperspace,esp32_hub75_i2sdma_msgeq7,PASS,
hyperspace,esp32_neopixelbus_msgeq7,PASS,
hyperspace,esp8266_fastled_noneaudio,PASS,
hyperspace,rp2040_fastled_noneaudio,PASS,
hyperspace,rp2040_pico_fastled_msgeq7,PASS,
hyperspace,stm32_fastled_noneaudio,PASS,
hyperspace,teensy40_fastled_msgeq7,PASS,
hyperspace,teensy41_fastled,PASS,
hyperspace,teensy41_fastled_noneaudio,PASS,
impact_ripples,arduino_avr_fastled_msgeq7,PASS,
impact_ripples,arduino_avr_fastled_noaudio,PASS,
impact_ripples,arduino_avr_fastled_only,PASS,
impact_ripples,arduino_avr_matrix_fastled_msgeq7,PASS,
impact_ripples,arduino_mega_fastled_msgeq7,PASS,
impact_ripples,arduino_mega_pio_fastled_msgeq7,PASS,
impact_ripples,arduino_uno_fastled_msgeq7,PASS,
impact_ripples,arduino_uno_pio_fastled_msgeq7,PASS,
impact_ripples,esp32_fastled_msgeq7,PASS,
impact_ripples,esp32_hub75_i2sdma_msgeq7,PASS,
impact_ripples,esp32_neopixelbus_msgeq7,PASS,
impact_ripples,esp8266_fastled_noneaudio,PASS,
impact_ripples,rp2040_fastled_noneaudio,PASS,
impact_ripples,rp2040_pico_fastled_msgeq7,PASS,
impact_ripples,stm32_fastled_noneaudio,PASS,
impact_ripples,teensy40_fastled_msgeq7,PASS,
impact_ripples,teensy41_fastled,PASS,
impact_ripples,teensy41_fastled_noneaudio,PASS,
juggle,arduino_avr_fastled_msgeq7,PASS,
juggle,arduino_avr_fastled_noaudio,PASS,
juggle,arduino_avr_fastled_only,PASS,
juggle,arduino_avr_matrix_fastled_msgeq7,PASS,
juggle,arduino_mega_fastled_msgeq7,PASS,
juggle,arduino_mega_pio_fastled_msgeq7,PASS,
juggle,arduino_uno_fastled_msgeq7,PASS,
juggle,arduino_uno_pio_fastled_msgeq7,PASS,
juggle,esp32_fastled_msgeq7,PASS,
juggle,esp32_hub75_i2sdma_msgeq7,PASS,
juggle,esp32_neopixelbus_msgeq7,PASS,
juggle,esp8266_fastled_noneaudio,PASS,
juggle,rp2040_fastled_noneaudio,PASS,
juggle,rp2040_pico_fastled_msgeq7,PASS,
juggle,stm32_fastled_noneaudio,PASS,
juggle,teensy40_fastled_msgeq7,PASS,
juggle,teensy41_fastled,PASS,
juggle,teensy41_fastled_noneaudio,PASS,
kaleidoscope,arduino_avr_fastled_msgeq7,PASS,
kaleidoscope,arduino_avr_fastled_noaudio,PASS,
kaleidoscope,arduino_avr_fastled_only,PASS,
kaleidoscope,arduino_avr_matrix_fastled_msgeq7,PASS,
kaleidoscope,arduino_mega_fastled_msgeq7,PASS,
kaleidoscope,arduino_mega_pio_fastled_msgeq7,PASS,
kaleidoscope,arduino_uno_fastled_msgeq7,PASS,
kaleidoscope,arduino_uno_pio_fastled_msgeq7,PASS,
kaleidoscope,esp32_fastled_msgeq7,PASS,
kaleidoscope,esp32_hub75_i2sdma_msgeq7,PASS,
kaleidoscope,esp32_neopixelbus_msgeq7,PASS,
kaleidoscope,esp8266_fastled_noneaudio,PASS,
kaleidoscope,rp2040_fastled_noneaudio,PASS,
kaleidoscope,rp2040_pico_fastled_msgeq7,PASS,
kaleidoscope,stm32_fastled_noneaudio,PASS,
kaleidoscope,teensy40_fastled_msgeq7,PASS,
kaleidoscope,teensy41_fastled,PASS,
kaleidoscope,teensy41_fastled_noneaudio,PASS,
langtons_ant,arduino_avr_fastled_msgeq7,BLOCKED,Export not yet supported for Langton's Ant (preview only for now).
langtons_ant,arduino_avr_fastled_noaudio,BLOCKED,Export not yet supported for Langton's Ant (preview only for now).
langtons_ant,arduino_avr_fastled_only,BLOCKED,Export not yet supported for Langton's Ant (preview only for now).
langtons_ant,arduino_avr_matrix_fastled_msgeq7,BLOCKED,Export not yet supported for Langton's Ant (preview only for now).
langtons_ant,arduino_mega_fastled_msgeq7,BLOCKED,Export not yet supported for Langton's Ant (preview only for now).
langtons_ant,arduino_mega_pio_fastled_msgeq7,BLOCKED,Export not yet supported for Langton's Ant (preview only for now).
langtons_ant,arduino_uno_fastled_msgeq7,BLOCKED,Export not yet supported for Langton's Ant (preview only for now).
langtons_ant,arduino_uno_pio_fastled_msgeq7,BLOCKED,Export not yet supported for Langton's Ant (preview only for now).
langtons_ant,esp32_fastled_msgeq7,BLOCKED,Export not yet supported for Langton's Ant (preview only for now).
langtons_ant,esp32_hub75_i2sdma_msgeq7,BLOCKED,Export not yet supported for Langton's Ant (preview only for now).
langtons_ant,esp32_neopixelbus_msgeq7,BLOCKED,Export not yet supported for Langton's Ant (preview only for now).
langtons_ant,esp8266_fastled_noneaudio,BLOCKED,Export not yet supported for Langton's Ant (preview only for now).
langtons_ant,rp2040_fastled_noneaudio,BLOCKED,Export not yet supported for Langton's Ant (preview only for now).
langtons_ant,rp2040_pico_fastled_msgeq7,BLOCKED,Export not yet supported for Langton's Ant (preview only for now).
langtons_ant,stm32_fastled_noneaudio,BLOCKED,Export not yet supported for Langton's Ant (preview only for now).
langtons_ant,teensy40_fastled_msgeq7,BLOCKED,Export not yet supported for Langton's Ant (preview only for now).
langtons_ant,teensy41_fastled,BLOCKED,Export not yet supported for Langton's Ant (preview only for now).
langtons_ant,teensy41_fastled_noneaudio,BLOCKED,Export not yet supported for Langton's Ant (preview only for now).
lightning,arduino_avr_fastled_msgeq7,PASS,
lightning,arduino_avr_fastled_noaudio,PASS,
lightning,arduino_avr_fastled_only,PASS,
lightning,arduino_avr_matrix_fastled_msgeq7,PASS,
lightning,arduino_mega_fastled_msgeq7,PASS,
lightning,arduino_mega_pio_fastled_msgeq7,PASS,
lightning,arduino_uno_fastled_msgeq7,PASS,
lightning,arduino_uno_pio_fastled_msgeq7,PASS,
lightning,esp32_fastled_msgeq7,PASS,
lightning,esp32_hub75_i2sdma_msgeq7,PASS,
lightning,esp32_neopixelbus_msgeq7,PASS,
lightning,esp8266_fastled_noneaudio,PASS,
lightning,rp2040_fastled_noneaudio,PASS,
lightning,rp2040_pico_fastled_msgeq7,PASS,
lightning,stm32_fastled_noneaudio,PASS,
lightning,teensy40_fastled_msgeq7,PASS,
lightning,teensy41_fastled,PASS,
lightning,teensy41_fastled_noneaudio,PASS,
mapping_diagnostics,arduino_avr_fastled_msgeq7,PASS,
mapping_diagnostics,arduino_avr_fastled_noaudio,PASS,
mapping_diagnostics,arduino_avr_fastled_only,PASS,
mapping_diagnostics,arduino_avr_matrix_fastled_msgeq7,PASS,
mapping_diagnostics,arduino_mega_fastled_msgeq7,PASS,
mapping_diagnostics,arduino_mega_pio_fastled_msgeq7,PASS,
mapping_diagnostics,arduino_uno_fastled_msgeq7,PASS,
mapping_diagnostics,arduino_uno_pio_fastled_msgeq7,PASS,
mapping_diagnostics,esp32_fastled_msgeq7,PASS,
mapping_diagnostics,esp32_hub75_i2sdma_msgeq7,PASS,
mapping_diagnostics,esp32_neopixelbus_msgeq7,PASS,
mapping_diagnostics,esp8266_fastled_noneaudio,PASS,
mapping_diagnostics,rp2040_fastled_noneaudio,PASS,
mapping_diagnostics,rp2040_pico_fastled_msgeq7,PASS,
mapping_diagnostics,stm32_fastled_noneaudio,PASS,
mapping_diagnostics,teensy40_fastled_msgeq7,PASS,
mapping_diagnostics,teensy41_fastled,PASS,
mapping_diagnostics,teensy41_fastled_noneaudio,PASS,
mariobros_clockface,arduino_avr_fastled_msgeq7,PREVIEW_ONLY,Mario clockface uses tilemap/sprite tables not yet exported.
mariobros_clockface,arduino_avr_fastled_noaudio,PREVIEW_ONLY,Mario clockface uses tilemap/sprite tables not yet exported.
mariobros_clockface,arduino_avr_fastled_only,PREVIEW_ONLY,Mario clockface uses tilemap/sprite tables not yet exported.
mariobros_clockface,arduino_avr_matrix_fastled_msgeq7,PREVIEW_ONLY,Mario clockface uses tilemap/sprite tables not yet exported.
mariobros_clockface,arduino_mega_fastled_msgeq7,PREVIEW_ONLY,Mario clockface uses tilemap/sprite tables not yet exported.
mariobros_clockface,arduino_mega_pio_fastled_msgeq7,PREVIEW_ONLY,Mario clockface uses tilemap/sprite tables not yet exported.
mariobros_clockface,arduino_uno_fastled_msgeq7,PREVIEW_ONLY,Mario clockface uses tilemap/sprite tables not yet exported.
mariobros_clockface,arduino_uno_pio_fastled_msgeq7,PREVIEW_ONLY,Mario clockface uses tilemap/sprite tables not yet exported.
mariobros_clockface,esp32_fastled_msgeq7,PREVIEW_ONLY,Mario clockface uses tilemap/sprite tables not yet exported.
mariobros_clockface,esp32_hub75_i2sdma_msgeq7,PREVIEW_ONLY,Mario clockface uses tilemap/sprite tables not yet exported.
mariobros_clockface,esp32_neopixelbus_msgeq7,PREVIEW_ONLY,Mario clockface uses tilemap/sprite tables not yet exported.
mariobros_clockface,esp8266_fastled_noneaudio,PREVIEW_ONLY,Mario clockface uses tilemap/sprite tables not yet exported.
mariobros_clockface,rp2040_fastled_noneaudio,PREVIEW_ONLY,Mario clockface uses tilemap/sprite tables not yet exported.
mariobros_clockface,rp2040_pico_fastled_msgeq7,PREVIEW_ONLY,Mario clockface uses tilemap/sprite tables not yet exported.
mariobros_clockface,stm32_fastled_noneaudio,PREVIEW_ONLY,Mario clockface uses tilemap/sprite tables not yet exported.
mariobros_clockface,teensy40_fastled_msgeq7,PREVIEW_ONLY,Mario clockface uses tilemap/sprite tables not yet exported.
mariobros_clockface,teensy41_fastled,PREVIEW_ONLY,Mario clockface uses tilemap/sprite tables not yet exported.
mariobros_clockface,teensy41_fastled_noneaudio,PREVIEW_ONLY,Mario clockface uses tilemap/sprite tables not yet exported.
meteor,arduino_avr_fastled_msgeq7,PASS,
meteor,arduino_avr_fastled_noaudio,PASS,
meteor,arduino_avr_fastled_only,PASS,
meteor,arduino_avr_matrix_fastled_msgeq7,PASS,
meteor,arduino_mega_fastled_msgeq7,PASS,
meteor,arduino_mega_pio_fastled_msgeq7,PASS,
meteor,arduino_uno_fastled_msgeq7,PASS,
meteor,arduino_uno_pio_fastled_msgeq7,PASS,
meteor,esp32_fastled_msgeq7,PASS,
meteor,esp32_hub75_i2sdma_msgeq7,PASS,
meteor,esp32_neopixelbus_msgeq7,PASS,
meteor,esp8266_fastled_noneaudio,PASS,
meteor,rp2040_fastled_noneaudio,PASS,
meteor,rp2040_pico_fastled_msgeq7,PASS,
meteor,stm32_fastled_noneaudio,PASS,
meteor,teensy40_fastled_msgeq7,PASS,
meteor,teensy41_fastled,PASS,
meteor,teensy41_fastled_noneaudio,PASS,
msgeq7_reactive_ino,arduino_avr_fastled_msgeq7,BLOCKED,MSGEQ7 Reactive (INO Port) is preview-ready but Arduino export is not yet wired into the multi-layer exporter.
msgeq7_reactive_ino,arduino_avr_fastled_noaudio,BLOCKED,MSGEQ7 Reactive (INO Port) is preview-ready but Arduino export is not yet wired into the multi-layer exporter.
msgeq7_reactive_ino,arduino_avr_fastled_only,BLOCKED,MSGEQ7 Reactive (INO Port) is preview-ready but Arduino export is not yet wired into the multi-layer exporter.
msgeq7_reactive_ino,arduino_avr_matrix_fastled_msgeq7,BLOCKED,MSGEQ7 Reactive (INO Port) is preview-ready but Arduino export is not yet wired into the multi-layer exporter.
msgeq7_reactive_ino,arduino_mega_fastled_msgeq7,BLOCKED,MSGEQ7 Reactive (INO Port) is preview-ready but Arduino export is not yet wired into the multi-layer exporter.
msgeq7_reactive_ino,arduino_mega_pio_fastled_msgeq7,BLOCKED,MSGEQ7 Reactive (INO Port) is preview-ready but Arduino export is not yet wired into the multi-layer exporter.
msgeq7_reactive_ino,arduino_uno_fastled_msgeq7,BLOCKED,MSGEQ7 Reactive (INO Port) is preview-ready but Arduino export is not yet wired into the multi-layer exporter.
msgeq7_reactive_ino,arduino_uno_pio_fastled_msgeq7,BLOCKED,MSGEQ7 Reactive (INO Port) is preview-ready but Arduino export is not yet wired into the multi-layer exporter.
msgeq7_reactive_ino,esp32_fastled_msgeq7,BLOCKED,MSGEQ7 Reactive (INO Port) is preview-ready but Arduino export is not yet wired into the multi-layer exporter.
msgeq7_reactive_ino,esp32_hub75_i2sdma_msgeq7,BLOCKED,MSGEQ7 Reactive (INO Port) is preview-ready but Arduino export is not yet wired into the multi-layer exporter.
msgeq7_reactive_ino,esp32_neopixelbus_msgeq7,BLOCKED,MSGEQ7 Reactive (INO Port) is preview-ready but Arduino export is not yet wired into the multi-layer exporter.
msgeq7_reactive_ino,esp8266_fastled_noneaudio,BLOCKED,MSGEQ7 Reactive (INO Port) is preview-ready but Arduino export is not yet wired into the multi-layer exporter.
msgeq7_reactive_ino,rp2040_fastled_noneaudio,BLOCKED,MSGEQ7 Reactive (INO Port) is preview-ready but Arduino export is not yet wired into the multi-layer exporter.
msgeq7_reactive_ino,rp2040_pico_fastled_msgeq7,BLOCKED,MSGEQ7 Reactive (INO Port) is preview-ready but Arduino export is not yet wired into the multi-layer exporter.
msgeq7_reactive_ino,stm32_fastled_noneaudio,BLOCKED,MSGEQ7 Reactive (INO Port) is preview-ready but Arduino export is not yet wired into the multi-layer exporter.
msgeq7_reactive_ino,teensy40_fastled_msgeq7,BLOCKED,MSGEQ7 Reactive (INO Port) is preview-ready but Arduino export is not yet wired into the multi-layer exporter.
msgeq7_reactive_ino,teensy41_fastled,BLOCKED,MSGEQ7 Reactive (INO Port) is preview-ready but Arduino export is not yet wired into the multi-layer exporter.
msgeq7_reactive_ino,teensy41_fastled_noneaudio,BLOCKED,MSGEQ7 Reactive (INO Port) is preview-ready but Arduino export is not yet wired into the multi-layer exporter.
msgeq7_visualizer_575,arduino_avr_fastled_msgeq7,BLOCKED,MSGEQ7 Visualizer (575) is preview-ready but Arduino export is not wired yet.
msgeq7_visualizer_575,arduino_avr_fastled_noaudio,BLOCKED,MSGEQ7 Visualizer (575) is preview-ready but Arduino export is not wired yet.
msgeq7_visualizer_575,arduino_avr_fastled_only,BLOCKED,MSGEQ7 Visualizer (575) is preview-ready but Arduino export is not wired yet.
msgeq7_visualizer_575,arduino_avr_matrix_fastled_msgeq7,BLOCKED,MSGEQ7 Visualizer (575) is preview-ready but Arduino export is not wired yet.
msgeq7_visualizer_575,arduino_mega_fastled_msgeq7,BLOCKED,MSGEQ7 Visualizer (575) is preview-ready but Arduino export is not wired yet.
msgeq7_visualizer_575,arduino_mega_pio_fastled_msgeq7,BLOCKED,MSGEQ7 Visualizer (575) is preview-ready but Arduino export is not wired yet.
msgeq7_visualizer_575,arduino_uno_fastled_msgeq7,BLOCKED,MSGEQ7 Visualizer (575) is preview-ready but Arduino export is not wired yet.
msgeq7_visualizer_575,arduino_uno_pio_fastled_msgeq7,BLOCKED,MSGEQ7 Visualizer (575) is preview-ready but Arduino export is not wired yet.
msgeq7_visualizer_575,esp32_fastled_msgeq7,BLOCKED,MSGEQ7 Visualizer (575) is preview-ready but Arduino export is not wired yet.
msgeq7_visualizer_575,esp32_hub75_i2sdma_msgeq7,BLOCKED,MSGEQ7 Visualizer (575) is preview-ready but Arduino export is not wired yet.
msgeq7_visualizer_575,esp32_neopixelbus_msgeq7,BLOCKED,MSGEQ7 Visualizer (575) is preview-ready but Arduino export is not wired yet.
msgeq7_visualizer_575,esp8266_fastled_noneaudio,BLOCKED,MSGEQ7 Visualizer (575) is preview-ready but Arduino export is not wired yet.
msgeq7_visualizer_575,rp2040_fastled_noneaudio,BLOCKED,MSGEQ7 Visualizer (575) is preview-ready but Arduino export is not wired yet.
msgeq7_visualizer_575,rp2040_pico_fastled_msgeq7,BLOCKED,MSGEQ7 Visualizer (575) is preview-ready but Arduino export is not wired yet.
msgeq7_visualizer_575,stm32_fastled_noneaudio,BLOCKED,MSGEQ7 Visualizer (575) is preview-ready but Arduino export is not wired yet.
msgeq7_visualizer_575,teensy40_fastled_msgeq7,BLOCKED,MSGEQ7 Visualizer (575) is preview-ready but Arduino export is not wired yet.
msgeq7_visualizer_575,teensy41_fastled,BLOCKED,MSGEQ7 Visualizer (575) is preview-ready but Arduino export is not wired yet.
msgeq7_visualizer_575,teensy41_fastled_noneaudio,BLOCKED,MSGEQ7 Visualizer (575) is preview-ready but Arduino export is not wired yet.
neon_city,arduino_avr_fastled_msgeq7,PASS,
neon_city,arduino_avr_fastled_noaudio,PASS,
neon_city,arduino_avr_fastled_only,PASS,
neon_city,arduino_avr_matrix_fastled_msgeq7,PASS,
neon_city,arduino_mega_fastled_msgeq7,PASS,
neon_city,arduino_mega_pio_fastled_msgeq7,PASS,
neon_city,arduino_uno_fastled_msgeq7,PASS,
neon_city,arduino_uno_pio_fastled_msgeq7,PASS,
neon_city,esp32_fastled_msgeq7,PASS,
neon_city,esp32_hub75_i2sdma_msgeq7,PASS,
neon_city,esp32_neopixelbus_msgeq7,PASS,
neon_city,esp8266_fastled_noneaudio,PASS,
neon_city,rp2040_fastled_noneaudio,PASS,
neon_city,rp2040_pico_fastled_msgeq7,PASS,
neon_city,stm32_fastled_noneaudio,PASS,
neon_city,teensy40_fastled_msgeq7,PASS,
neon_city,teensy41_fastled,PASS,
neon_city,teensy41_fastled_noneaudio,PASS,
noise,arduino_avr_fastled_msgeq7,PASS,
noise,arduino_avr_fastled_noaudio,PASS,
noise,arduino_avr_fastled_only,PASS,
noise,arduino_avr_matrix_fastled_msgeq7,PASS,
noise,arduino_mega_fastled_msgeq7,PASS,
noise,arduino_mega_pio_fastled_msgeq7,PASS,
noise,arduino_uno_fastled_msgeq7,PASS,
noise,arduino_uno_pio_fastled_msgeq7,PASS,
noise,esp32_fastled_msgeq7,PASS,
noise,esp32_hub75_i2sdma_msgeq7,PASS,
noise,esp32_neopixelbus_msgeq7,PASS,
noise,esp8266_fastled_noneaudio,PASS,
noise,rp2040_fastled_noneaudio,PASS,
noise,rp2040_pico_fastled_msgeq7,PASS,
noise,stm32_fastled_noneaudio,PASS,
noise,teensy40_fastled_msgeq7,PASS,
noise,teensy41_fastled,PASS,
noise,teensy41_fastled_noneaudio,PASS,
plasma_lattice,arduino_avr_fastled_msgeq7,PASS,
plasma_lattice,arduino_avr_fastled_noaudio,PASS,
plasma_lattice,arduino_avr_fastled_only,PASS,
plasma_lattice,arduino_avr_matrix_fastled_msgeq7,PASS,
plasma_lattice,arduino_mega_fastled_msgeq7,PASS,
plasma_lattice,arduino_mega_pio_fastled_msgeq7,PASS,
plasma_lattice,arduino_uno_fastled_msgeq7,PASS,
plasma_lattice,arduino_uno_pio_fastled_msgeq7,PASS,
plasma_lattice,esp32_fastled_msgeq7,PASS,
plasma_lattice,esp32_hub75_i2sdma_msgeq7,PASS,
plasma_lattice,esp32_neopixelbus_msgeq7,PASS,
plasma_lattice,esp8266_fastled_noneaudio,PASS,
plasma_lattice,rp2040_fastled_noneaudio,PASS,
plasma_lattice,rp2040_pico_fastled_msgeq7,PASS,
plasma_lattice,stm32_fastled_noneaudio,PASS,
plasma_lattice,teensy40_fastled_msgeq7,PASS,
plasma_lattice,teensy41_fastled,PASS,
plasma_lattice,teensy41_fastled_noneaudio,PASS,
portal,arduino_avr_fastled_msgeq7,PASS,
portal,arduino_avr_fastled_noaudio,PASS,
portal,arduino_avr_fastled_only,PASS,
portal,arduino_avr_matrix_fastled_msgeq7,PASS,
portal,arduino_mega_fastled_msgeq7,PASS,
portal,arduino_mega_pio_fastled_msgeq7,PASS,
portal,arduino_uno_fastled_msgeq7,PASS,
portal,arduino_uno_pio_fastled_msgeq7,PASS,
portal,esp32_fastled_msgeq7,PASS,
portal,esp32_hub75_i2sdma_msgeq7,PASS,
portal,esp32_neopixelbus_msgeq7,PASS,
portal,esp8266_fastled_noneaudio,PASS,
portal,rp2040_fastled_noneaudio,PASS,
portal,rp2040_pico_fastled_msgeq7,PASS,
portal,stm32_fastled_noneaudio,PASS,
portal,teensy40_fastled_msgeq7,PASS,
portal,teensy41_fastled,PASS,
portal,teensy41_fastled_noneaudio,PASS,
pulse,arduino_avr_fastled_msgeq7,PASS,
pulse,arduino_avr_fastled_noaudio,PASS,
pulse,arduino_avr_fastled_only,PASS,
pulse,arduino_avr_matrix_fastled_msgeq7,PASS,
pulse,arduino_mega_fastled_msgeq7,PASS,
pulse,arduino_mega_pio_fastled_msgeq7,PASS,
pulse,arduino_uno_fastled_msgeq7,PASS,
pulse,arduino_uno_pio_fastled_msgeq7,PASS,
pulse,esp32_fastled_msgeq7,PASS,
pulse,esp32_hub75_i2sdma_msgeq7,PASS,
pulse,esp32_neopixelbus_msgeq7,PASS,
pulse,esp8266_fastled_noneaudio,PASS,
pulse,rp2040_fastled_noneaudio,PASS,
pulse,rp2040_pico_fastled_msgeq7,PASS,
pulse,stm32_fastled_noneaudio,PASS,
pulse,teensy40_fastled_msgeq7,PASS,
pulse,teensy41_fastled,PASS,
pulse,teensy41_fastled_noneaudio,PASS,
purpose_meter,arduino_avr_fastled_msgeq7,PASS,
purpose_meter,arduino_avr_fastled_noaudio,PASS,
purpose_meter,arduino_avr_fastled_only,PASS,
purpose_meter,arduino_avr_matrix_fastled_msgeq7,PASS,
purpose_meter,arduino_mega_fastled_msgeq7,PASS,
purpose_meter,arduino_mega_pio_fastled_msgeq7,PASS,
purpose_meter,arduino_uno_fastled_msgeq7,PASS,
purpose_meter,arduino_uno_pio_fastled_msgeq7,PASS,
purpose_meter,esp32_fastled_msgeq7,PASS,
purpose_meter,esp32_hub75_i2sdma_msgeq7,PASS,
purpose_meter,esp32_neopixelbus_msgeq7,PASS,
purpose_meter,esp8266_fastled_noneaudio,PASS,
purpose_meter,rp2040_fastled_noneaudio,PASS,
purpose_meter,rp2040_pico_fastled_msgeq7,PASS,
purpose_meter,stm32_fastled_noneaudio,PASS,
purpose_meter,teensy40_fastled_msgeq7,PASS,
purpose_meter,teensy41_fastled,PASS,
purpose_meter,teensy41_fastled_noneaudio,PASS,
rainbow,arduino_avr_fastled_msgeq7,PASS,
rainbow,arduino_avr_fastled_noaudio,PASS,
rainbow,arduino_avr_fastled_only,PASS,
rainbow,arduino_avr_matrix_fastled_msgeq7,PASS,
rainbow,arduino_mega_fastled_msgeq7,PASS,
rainbow,arduino_mega_pio_fastled_msgeq7,PASS,
rainbow,arduino_uno_fastled_msgeq7,PASS,
rainbow,arduino_uno_pio_fastled_msgeq7,PASS,
rainbow,esp32_fastled_msgeq7,PASS,
rainbow,esp32_hub75_i2sdma_msgeq7,PASS,
rainbow,esp32_neopixelbus_msgeq7,PASS,
rainbow,esp8266_fastled_noneaudio,PASS,
rainbow,rp2040_fastled_noneaudio,PASS,
rainbow,rp2040_pico_fastled_msgeq7,PASS,
rainbow,stm32_fastled_noneaudio,PASS,
rainbow,teensy40_fastled_msgeq7,PASS,
rainbow,teensy41_fastled,PASS,
rainbow,teensy41_fastled_noneaudio,PASS,
rainbow_wipe,arduino_avr_fastled_msgeq7,PASS,
rainbow_wipe,arduino_avr_fastled_noaudio,PASS,
rainbow_wipe,arduino_avr_fastled_only,PASS,
rainbow_wipe,arduino_avr_matrix_fastled_msgeq7,PASS,
rainbow_wipe,arduino_mega_fastled_msgeq7,PASS,
rainbow_wipe,arduino_mega_pio_fastled_msgeq7,PASS,
rainbow_wipe,arduino_uno_fastled_msgeq7,PASS,
rainbow_wipe,arduino_uno_pio_fastled_msgeq7,PASS,
rainbow_wipe,esp32_fastled_msgeq7,PASS,
rainbow_wipe,esp32_hub75_i2sdma_msgeq7,PASS,
rainbow_wipe,esp32_neopixelbus_msgeq7,PASS,
rainbow_wipe,esp8266_fastled_noneaudio,PASS,
rainbow_wipe,rp2040_fastled_noneaudio,PASS,
rainbow_wipe,rp2040_pico_fastled_msgeq7,PASS,
rainbow_wipe,stm32_fastled_noneaudio,PASS,
rainbow_wipe,teensy40_fastled_msgeq7,PASS,
rainbow_wipe,teensy41_fastled,PASS,
rainbow_wipe,teensy41_fastled_noneaudio,PASS,
reaction_diffusion,arduino_avr_fastled_msgeq7,PASS,
reaction_diffusion,arduino_avr_fastled_noaudio,PASS,
reaction_diffusion,arduino_avr_fastled_only,PASS,
reaction_diffusion,arduino_avr_matrix_fastled_msgeq7,PASS,
reaction_diffusion,arduino_mega_fastled_msgeq7,PASS,
reaction_diffusion,arduino_mega_pio_fastled_msgeq7,PASS,
reaction_diffusion,arduino_uno_fastled_msgeq7,PASS,
reaction_diffusion,arduino_uno_pio_fastled_msgeq7,PASS,
reaction_diffusion,esp32_fastled_msgeq7,PASS,
reaction_diffusion,esp32_hub75_i2sdma_msgeq7,PASS,
reaction_diffusion,esp32_neopixelbus_msgeq7,PASS,
reaction_diffusion,esp8266_fastled_noneaudio,PASS,
reaction_diffusion,rp2040_fastled_noneaudio,PASS,
reaction_diffusion,rp2040_pico_fastled_msgeq7,PASS,
reaction_diffusion,stm32_fastled_noneaudio,PASS,
reaction_diffusion,teensy40_fastled_msgeq7,PASS,
reaction_diffusion,teensy41_fastled,PASS,
reaction_diffusion,teensy41_fastled_noneaudio,PASS,
red_hat_runner,arduino_avr_fastled_msgeq7,PREVIEW_ONLY,Red Hat Runner is a preview-only stateful demo (sprite blitter + tables not yet exported).
red_hat_runner,arduino_avr_fastled_noaudio,PREVIEW_ONLY,Red Hat Runner is a preview-only stateful demo (sprite blitter + tables not yet exported).
red_hat_runner,arduino_avr_fastled_only,PREVIEW_ONLY,Red Hat Runner is a preview-only stateful demo (sprite blitter + tables not yet exported).
red_hat_runner,arduino_avr_matrix_fastled_msgeq7,PREVIEW_ONLY,Red Hat Runner is a preview-only stateful demo (sprite blitter + tables not yet exported).
red_hat_runner,arduino_mega_fastled_msgeq7,PREVIEW_ONLY,Red Hat Runner is a preview-only stateful demo (sprite blitter + tables not yet exported).
red_hat_runner,arduino_mega_pio_fastled_msgeq7,PREVIEW_ONLY,Red Hat Runner is a preview-only stateful demo (sprite blitter + tables not yet exported).
red_hat_runner,arduino_uno_fastled_msgeq7,PREVIEW_ONLY,Red Hat Runner is a preview-only stateful demo (sprite blitter + tables not yet exported).
red_hat_runner,arduino_uno_pio_fastled_msgeq7,PREVIEW_ONLY,Red Hat Runner is a preview-only stateful demo (sprite blitter + tables not yet exported).
red_hat_runner,esp32_fastled_msgeq7,PREVIEW_ONLY,Red Hat Runner is a preview-only stateful demo (sprite blitter + tables not yet exported).
red_hat_runner,esp32_hub75_i2sdma_msgeq7,PREVIEW_ONLY,Red Hat Runner is a preview-only stateful demo (sprite blitter + tables not yet exported).
red_hat_runner,esp32_neopixelbus_msgeq7,PREVIEW_ONLY,Red Hat Runner is a preview-only stateful demo (sprite blitter + tables not yet exported).
red_hat_runner,esp8266_fastled_noneaudio,PREVIEW_ONLY,Red Hat Runner is a preview-only stateful demo (sprite blitter + tables not yet exported).
red_hat_runner,rp2040_fastled_noneaudio,PREVIEW_ONLY,Red Hat Runner is a preview-only stateful demo (sprite blitter + tables not yet exported).
red_hat_runner,rp2040_pico_fastled_msgeq7,PREVIEW_ONLY,Red Hat Runner is a preview-only stateful demo (sprite blitter + tables not yet exported).
red_hat_runner,stm32_fastled_noneaudio,PREVIEW_ONLY,Red Hat Runner is a preview-only stateful demo (sprite blitter + tables not yet exported).
red_hat_runner,teensy40_fastled_msgeq7,PREVIEW_ONLY,Red Hat Runner is a preview-only stateful demo (sprite blitter + tables not yet exported).
red_hat_runner,teensy41_fastled,PREVIEW_ONLY,Red Hat Runner is a preview-only stateful demo (sprite blitter + tables not yet exported).
red_hat_runner,teensy41_fastled_noneaudio,PREVIEW_ONLY,Red Hat Runner is a preview-only stateful demo (sprite blitter + tables not yet exported).
ripple,arduino_avr_fastled_msgeq7,PASS,
ripple,arduino_avr_fastled_noaudio,PASS,
ripple,arduino_avr_fastled_only,PASS,
ripple,arduino_avr_matrix_fastled_msgeq7,PASS,
ripple,arduino_mega_fastled_msgeq7,PASS,
ripple,arduino_mega_pio_fastled_msgeq7,PASS,
ripple,arduino_uno_fastled_msgeq7,PASS,
ripple,arduino_uno_pio_fastled_msgeq7,PASS,
ripple,esp32_fastled_msgeq7,PASS,
ripple,esp32_hub75_i2sdma_msgeq7,PASS,
ripple,esp32_neopixelbus_msgeq7,PASS,
ripple,esp8266_fastled_noneaudio,PASS,
ripple,rp2040_fastled_noneaudio,PASS,
ripple,rp2040_pico_fastled_msgeq7,PASS,
ripple,stm32_fastled_noneaudio,PASS,
ripple,teensy40_fastled_msgeq7,PASS,
ripple,teensy41_fastled,PASS,
ripple,teensy41_fastled_noneaudio,PASS,
scanner,arduino_avr_fastled_msgeq7,PASS,
scanner,arduino_avr_fastled_noaudio,PASS,
scanner,arduino_avr_fastled_only,PASS,
scanner,arduino_avr_matrix_fastled_msgeq7,PASS,
scanner,arduino_mega_fastled_msgeq7,PASS,
scanner,arduino_mega_pio_fastled_msgeq7,PASS,
scanner,arduino_uno_fastled_msgeq7,PASS,
scanner,arduino_uno_pio_fastled_msgeq7,PASS,
scanner,esp32_fastled_msgeq7,PASS,
scanner,esp32_hub75_i2sdma_msgeq7,PASS,
scanner,esp32_neopixelbus_msgeq7,PASS,
scanner,esp8266_fastled_noneaudio,PASS,
scanner,rp2040_fastled_noneaudio,PASS,
scanner,rp2040_pico_fastled_msgeq7,PASS,
scanner,stm32_fastled_noneaudio,PASS,
scanner,teensy40_fastled_msgeq7,PASS,
scanner,teensy41_fastled,PASS,
scanner,teensy41_fastled_noneaudio,PASS,
section_morph_palette,arduino_avr_fastled_msgeq7,PASS,
section_morph_palette,arduino_avr_fastled_noaudio,PASS,
section_morph_palette,arduino_avr_fastled_only,PASS,
section_morph_palette,arduino_avr_matrix_fastled_msgeq7,PASS,
section_morph_palette,arduino_mega_fastled_msgeq7,PASS,
section_morph_palette,arduino_mega_pio_fastled_msgeq7,PASS,
section_morph_palette,arduino_uno_fastled_msgeq7,PASS,
section_morph_palette,arduino_uno_pio_fastled_msgeq7,PASS,
section_morph_palette,esp32_fastled_msgeq7,PASS,
section_morph_palette,esp32_hub75_i2sdma_msgeq7,PASS,
section_morph_palette,esp32_neopixelbus_msgeq7,PASS,
section_morph_palette,esp8266_fastled_noneaudio,PASS,
section_morph_palette,rp2040_fastled_noneaudio,PASS,
section_morph_palette,rp2040_pico_fastled_msgeq7,PASS,
section_morph_palette,stm32_fastled_noneaudio,PASS,
section_morph_palette,teensy40_fastled_msgeq7,PASS,
section_morph_palette,teensy41_fastled,PASS,
section_morph_palette,teensy41_fastled_noneaudio,PASS,
shock_chain,arduino_avr_fastled_msgeq7,PASS,
shock_chain,arduino_avr_fastled_noaudio,PASS,
shock_chain,arduino_avr_fastled_only,PASS,
shock_chain,arduino_avr_matrix_fastled_msgeq7,PASS,
shock_chain,arduino_mega_fastled_msgeq7,PASS,
shock_chain,arduino_mega_pio_fastled_msgeq7,PASS,
shock_chain,arduino_uno_fastled_msgeq7,PASS,
shock_chain,arduino_uno_pio_fastled_msgeq7,PASS,
shock_chain,esp32_fastled_msgeq7,PASS,
shock_chain,esp32_hub75_i2sdma_msgeq7,PASS,
shock_chain,esp32_neopixelbus_msgeq7,PASS,
shock_chain,esp8266_fastled_noneaudio,PASS,
shock_chain,rp2040_fastled_noneaudio,PASS,
shock_chain,rp2040_pico_fastled_msgeq7,PASS,
shock_chain,stm32_fastled_noneaudio,PASS,
shock_chain,teensy40_fastled_msgeq7,PASS,
shock_chain,teensy41_fastled,PASS,
shock_chain,teensy41_fastled_noneaudio,PASS,
shooter_game_ino,arduino_avr_fastled_msgeq7,BLOCKED,Shooter (INO Port) is preview-ready but Arduino export is not yet wired into the multi-layer exporter.
shooter_game_ino,arduino_avr_fastled_noaudio,BLOCKED,Shooter (INO Port) is preview-ready but Arduino export is not yet wired into the multi-layer exporter.
shooter_game_ino,arduino_avr_fastled_only,BLOCKED,Shooter (INO Port) is preview-ready but Arduino export is not yet wired into the multi-layer exporter.
shooter_game_ino,arduino_avr_matrix_fastled_msgeq7,BLOCKED,Shooter (INO Port) is preview-ready but Arduino export is not yet wired into the multi-layer exporter.
shooter_game_ino,arduino_mega_fastled_msgeq7,BLOCKED,Shooter (INO Port) is preview-ready but Arduino export is not yet wired into the multi-layer exporter.
shooter_game_ino,arduino_mega_pio_fastled_msgeq7,BLOCKED,Shooter (INO Port) is preview-ready but Arduino export is not yet wired into the multi-layer exporter.
shooter_game_ino,arduino_uno_fastled_msgeq7,BLOCKED,Shooter (INO Port) is preview-ready but Arduino export is not yet wired into the multi-layer exporter.
shooter_game_ino,arduino_uno_pio_fastled_msgeq7,BLOCKED,Shooter (INO Port) is preview-ready but Arduino export is not yet wired into the multi-layer exporter.
shooter_game_ino,esp32_fastled_msgeq7,BLOCKED,Shooter (INO Port) is preview-ready but Arduino export is not yet wired into the multi-layer exporter.
shooter_game_ino,esp32_hub75_i2sdma_msgeq7,BLOCKED,Shooter (INO Port) is preview-ready but Arduino export is not yet wired into the multi-layer exporter.
shooter_game_ino,esp32_neopixelbus_msgeq7,BLOCKED,Shooter (INO Port) is preview-ready but Arduino export is not yet wired into the multi-layer exporter.
shooter_game_ino,esp8266_fastled_noneaudio,BLOCKED,Shooter (INO Port) is preview-ready but Arduino export is not yet wired into the multi-layer exporter.
shooter_game_ino,rp2040_fastled_noneaudio,BLOCKED,Shooter (INO Port) is preview-ready but Arduino export is not yet wired into the multi-layer exporter.
shooter_game_ino,rp2040_pico_fastled_msgeq7,BLOCKED,Shooter (INO Port) is preview-ready but Arduino export is not yet wired into the multi-layer exporter.
shooter_game_ino,stm32_fastled_noneaudio,BLOCKED,Shooter (INO Port) is preview-ready but Arduino export is not yet wired into the multi-layer exporter.
shooter_game_ino,teensy40_fastled_msgeq7,BLOCKED,Shooter (INO Port) is preview-ready but Arduino export is not yet wired into the multi-layer exporter.
shooter_game_ino,teensy41_fastled,BLOCKED,Shooter (INO Port) is preview-ready but Arduino export is not yet wired into the multi-layer exporter.
shooter_game_ino,teensy41_fastled_noneaudio,BLOCKED,Shooter (INO Port) is preview-ready but Arduino export is not yet wired into the multi-layer exporter.
sinelon,arduino_avr_fastled_msgeq7,PASS,
sinelon,arduino_avr_fastled_noaudio,PASS,
sinelon,arduino_avr_fastled_only,PASS,
sinelon,arduino_avr_matrix_fastled_msgeq7,PASS,
sinelon,arduino_mega_fastled_msgeq7,PASS,
sinelon,arduino_mega_pio_fastled_msgeq7,PASS,
sinelon,arduino_uno_fastled_msgeq7,PASS,
sinelon,arduino_uno_pio_fastled_msgeq7,PASS,
sinelon,esp32_fastled_msgeq7,PASS,
sinelon,esp32_hub75_i2sdma_msgeq7,PASS,
sinelon,esp32_neopixelbus_msgeq7,PASS,
sinelon,esp8266_fastled_noneaudio,PASS,
sinelon,rp2040_fastled_noneaudio,PASS,
sinelon,rp2040_pico_fastled_msgeq7,PASS,
sinelon,stm32_fastled_noneaudio,PASS,
sinelon,teensy40_fastled_msgeq7,PASS,
sinelon,teensy41_fastled,PASS,
sinelon,teensy41_fastled_noneaudio,PASS,
snake_game,arduino_avr_fastled_msgeq7,BLOCKED,Snake (Game) is preview-ready but Arduino export is not wired yet.
snake_game,arduino_avr_fastled_noaudio,BLOCKED,Snake (Game) is preview-ready but Arduino export is not wired yet.
snake_game,arduino_avr_fastled_only,BLOCKED,Snake (Game) is preview-ready but Arduino export is not wired yet.
snake_game,arduino_avr_matrix_fastled_msgeq7,BLOCKED,Snake (Game) is preview-ready but Arduino export is not wired yet.
snake_game,arduino_mega_fastled_msgeq7,BLOCKED,Snake (Game) is preview-ready but Arduino export is not wired yet.
snake_game,arduino_mega_pio_fastled_msgeq7,BLOCKED,Snake (Game) is preview-ready but Arduino export is not wired yet.
snake_game,arduino_uno_fastled_msgeq7,BLOCKED,Snake (Game) is preview-ready but Arduino export is not wired yet.
snake_game,arduino_uno_pio_fastled_msgeq7,BLOCKED,Snake (Game) is preview-ready but Arduino export is not wired yet.
snake_game,esp32_fastled_msgeq7,BLOCKED,Snake (Game) is preview-ready but Arduino export is not wired yet.
snake_game,esp32_hub75_i2sdma_msgeq7,BLOCKED,Snake (Game) is preview-ready but Arduino export is not wired yet.
snake_game,esp32_neopixelbus_msgeq7,BLOCKED,Snake (Game) is preview-ready but Arduino export is not wired yet.
snake_game,esp8266_fastled_noneaudio,BLOCKED,Snake (Game) is preview-ready but Arduino export is not wired yet.
snake_game,rp2040_fastled_noneaudio,BLOCKED,Snake (Game) is preview-ready but Arduino export is not wired yet.
snake_game,rp2040_pico_fastled_msgeq7,BLOCKED,Snake (Game) is preview-ready but Arduino export is not wired yet.
snake_game,stm32_fastled_noneaudio,BLOCKED,Snake (Game) is preview-ready but Arduino export is not wired yet.
snake_game,teensy40_fastled_msgeq7,BLOCKED,Snake (Game) is preview-ready but Arduino export is not wired yet.
snake_game,teensy41_fastled,BLOCKED,Snake (Game) is preview-ready but Arduino export is not wired yet.
snake_game,teensy41_fastled_noneaudio,BLOCKED,Snake (Game) is preview-ready but Arduino export is not wired yet.
snake_game_ino,arduino_avr_fastled_msgeq7,BLOCKED,Snake (INO Port) is preview-ready but Arduino export is not yet wired into the multi-layer exporter.
snake_game_ino,arduino_avr_fastled_noaudio,BLOCKED,Snake (INO Port) is preview-ready but Arduino export is not yet wired into the multi-layer exporter.
snake_game_ino,arduino_avr_fastled_only,BLOCKED,Snake (INO Port) is preview-ready but Arduino export is not yet wired into the multi-layer exporter.
snake_game_ino,arduino_avr_matrix_fastled_msgeq7,BLOCKED,Snake (INO Port) is preview-ready but Arduino export is not yet wired into the multi-layer exporter.
snake_game_ino,arduino_mega_fastled_msgeq7,BLOCKED,Snake (INO Port) is preview-ready but Arduino export is not yet wired into the multi-layer exporter.
snake_game_ino,arduino_mega_pio_fastled_msgeq7,BLOCKED,Snake (INO Port) is preview-ready but Arduino export is not yet wired into the multi-layer exporter.
snake_game_ino,arduino_uno_fastled_msgeq7,BLOCKED,Snake (INO Port) is preview-ready but Arduino export is not yet wired into the multi-layer exporter.
snake_game_ino,arduino_uno_pio_fastled_msgeq7,BLOCKED,Snake (INO Port) is preview-ready but Arduino export is not yet wired into the multi-layer exporter.
snake_game_ino,esp32_fastled_msgeq7,BLOCKED,Snake (INO Port) is preview-ready but Arduino export is not yet wired into the multi-layer exporter.
snake_game_ino,esp32_hub75_i2sdma_msgeq7,BLOCKED,Snake (INO Port) is preview-ready but Arduino export is not yet wired into the multi-layer exporter.
snake_game_ino,esp32_neopixelbus_msgeq7,BLOCKED,Snake (INO Port) is preview-ready but Arduino export is not yet wired into the multi-layer exporter.
snake_game_ino,esp8266_fastled_noneaudio,BLOCKED,Snake (INO Port) is preview-ready but Arduino export is not yet wired into the multi-layer exporter.
snake_game_ino,rp2040_fastled_noneaudio,BLOCKED,Snake (INO Port) is preview-ready but Arduino export is not yet wired into the multi-layer exporter.
snake_game_ino,rp2040_pico_fastled_msgeq7,BLOCKED,Snake (INO Port) is preview-ready but Arduino export is not yet wired into the multi-layer exporter.
snake_game_ino,stm32_fastled_noneaudio,BLOCKED,Snake (INO Port) is preview-ready but Arduino export is not yet wired into the multi-layer exporter.
snake_game_ino,teensy40_fastled_msgeq7,BLOCKED,Snake (INO Port) is preview-ready but Arduino export is not yet wired into the multi-layer exporter.
snake_game_ino,teensy41_fastled,BLOCKED,Snake (INO Port) is preview-ready but Arduino export is not yet wired into the multi-layer exporter.
snake_game_ino,teensy41_fastled_noneaudio,BLOCKED,Snake (INO Port) is preview-ready but Arduino export is not yet wired into the multi-layer exporter.
solid,arduino_avr_fastled_msgeq7,PASS,
solid,arduino_avr_fastled_noaudio,PASS,
solid,arduino_avr_fastled_only,PASS,
solid,arduino_avr_matrix_fastled_msgeq7,PASS,
solid,arduino_mega_fastled_msgeq7,PASS,
solid,arduino_mega_pio_fastled_msgeq7,PASS,
solid,arduino_uno_fastled_msgeq7,PASS,
solid,arduino_uno_pio_fastled_msgeq7,PASS,
solid,esp32_fastled_msgeq7,PASS,
solid,esp32_hub75_i2sdma_msgeq7,PASS,
solid,esp32_neopixelbus_msgeq7,PASS,
solid,esp8266_fastled_noneaudio,PASS,
solid,rp2040_fastled_noneaudio,PASS,
solid,rp2040_pico_fastled_msgeq7,PASS,
solid,stm32_fastled_noneaudio,PASS,
solid,teensy40_fastled_msgeq7,PASS,
solid,teensy41_fastled,PASS,
solid,teensy41_fastled_noneaudio,PASS,
space_invaders_game,arduino_avr_fastled_msgeq7,BLOCKED,Space Invaders (Game) is preview-ready but Arduino export is not wired yet.
space_invaders_game,arduino_avr_fastled_noaudio,BLOCKED,Space Invaders (Game) is preview-ready but Arduino export is not wired yet.
space_invaders_game,arduino_avr_fastled_only,BLOCKED,Space Invaders (Game) is preview-ready but Arduino export is not wired yet.
space_invaders_game,arduino_avr_matrix_fastled_msgeq7,BLOCKED,Space Invaders (Game) is preview-ready but Arduino export is not wired yet.
space_invaders_game,arduino_mega_fastled_msgeq7,BLOCKED,Space Invaders (Game) is preview-ready but Arduino export is not wired yet.
space_invaders_game,arduino_mega_pio_fastled_msgeq7,BLOCKED,Space Invaders (Game) is preview-ready but Arduino export is not wired yet.
space_invaders_game,arduino_uno_fastled_msgeq7,BLOCKED,Space Invaders (Game) is preview-ready but Arduino export is not wired yet.
space_invaders_game,arduino_uno_pio_fastled_msgeq7,BLOCKED,Space Invaders (Game) is preview-ready but Arduino export is not wired yet.
space_invaders_game,esp32_fastled_msgeq7,BLOCKED,Space Invaders (Game) is preview-ready but Arduino export is not wired yet.
space_invaders_game,esp32_hub75_i2sdma_msgeq7,BLOCKED,Space Invaders (Game) is preview-ready but Arduino export is not wired yet.
space_invaders_game,esp32_neopixelbus_msgeq7,BLOCKED,Space Invaders (Game) is preview-ready but Arduino export is not wired yet.
space_invaders_game,esp8266_fastled_noneaudio,BLOCKED,Space Invaders (Game) is preview-ready but Arduino export is not wired yet.
space_invaders_game,rp2040_fastled_noneaudio,BLOCKED,Space Invaders (Game) is preview-ready but Arduino export is not wired yet.
space_invaders_game,rp2040_pico_fastled_msgeq7,BLOCKED,Space Invaders (Game) is preview-ready but Arduino export is not wired yet.
space_invaders_game,stm32_fastled_noneaudio,BLOCKED,Space Invaders (Game) is preview-ready but Arduino export is not wired yet.
space_invaders_game,teensy40_fastled_msgeq7,BLOCKED,Space Invaders (Game) is preview-ready but Arduino export is not wired yet.
space_invaders_game,teensy41_fastled,BLOCKED,Space Invaders (Game) is preview-ready but Arduino export is not wired yet.
space_invaders_game,teensy41_fastled_noneaudio,BLOCKED,Space Invaders (Game) is preview-ready but Arduino export is not wired yet.
sparkle,arduino_avr_fastled_msgeq7,PASS,
sparkle,arduino_avr_fastled_noaudio,PASS,
sparkle,arduino_avr_fastled_only,PASS,
sparkle,arduino_avr_matrix_fastled_msgeq7,PASS,
sparkle,arduino_mega_fastled_msgeq7,PASS,
sparkle,arduino_mega_pio_fastled_msgeq7,PASS,
sparkle,arduino_uno_fastled_msgeq7,PASS,
sparkle,arduino_uno_pio_fastled_msgeq7,PASS,
sparkle,esp32_fastled_msgeq7,PASS,
sparkle,esp32_hub75_i2sdma_msgeq7,PASS,
sparkle,esp32_neopixelbus_msgeq7,PASS,
sparkle,esp8266_fastled_noneaudio,PASS,
sparkle,rp2040_fastled_noneaudio,PASS,
sparkle,rp2040_pico_fastled_msgeq7,PASS,
sparkle,stm32_fastled_noneaudio,PASS,
sparkle,teensy40_fastled_msgeq7,PASS,
sparkle,teensy41_fastled,PASS,
sparkle,teensy41_fastled_noneaudio,PASS,
spectral_kaleidoscope_audio,arduino_avr_fastled_msgeq7,PASS,
spectral_kaleidoscope_audio,arduino_avr_fastled_noaudio,PASS,
spectral_kaleidoscope_audio,arduino_avr_fastled_only,PASS,
spectral_kaleidoscope_audio,arduino_avr_matrix_fastled_msgeq7,PASS,
spectral_kaleidoscope_audio,arduino_mega_fastled_msgeq7,PASS,
spectral_kaleidoscope_audio,arduino_mega_pio_fastled_msgeq7,PASS,
spectral_kaleidoscope_audio,arduino_uno_fastled_msgeq7,PASS,
spectral_kaleidoscope_audio,arduino_uno_pio_fastled_msgeq7,PASS,
spectral_kaleidoscope_audio,esp32_fastled_msgeq7,PASS,
spectral_kaleidoscope_audio,esp32_hub75_i2sdma_msgeq7,PASS,
spectral_kaleidoscope_audio,esp32_neopixelbus_msgeq7,PASS,
spectral_kaleidoscope_audio,esp8266_fastled_noneaudio,PASS,
spectral_kaleidoscope_audio,rp2040_fastled_noneaudio,PASS,
spectral_kaleidoscope_audio,rp2040_pico_fastled_msgeq7,PASS,
spectral_kaleidoscope_audio,stm32_fastled_noneaudio,PASS,
spectral_kaleidoscope_audio,teensy40_fastled_msgeq7,PASS,
spectral_kaleidoscope_audio,teensy41_fastled,PASS,
spectral_kaleidoscope_audio,teensy41_fastled_noneaudio,PASS,
spectral_ripples_14,arduino_avr_fastled_msgeq7,PASS,
spectral_ripples_14,arduino_avr_fastled_noaudio,PASS,
spectral_ripples_14,arduino_avr_fastled_only,PASS,
spectral_ripples_14,arduino_avr_matrix_fastled_msgeq7,PASS,
spectral_ripples_14,arduino_mega_fastled_msgeq7,PASS,
spectral_ripples_14,arduino_mega_pio_fastled_msgeq7,PASS,
spectral_ripples_14,arduino_uno_fastled_msgeq7,PASS,
spectral_ripples_14,arduino_uno_pio_fastled_msgeq7,PASS,
spectral_ripples_14,esp32_fastled_msgeq7,PASS,
spectral_ripples_14,esp32_hub75_i2sdma_msgeq7,PASS,
spectral_ripples_14,esp32_neopixelbus_msgeq7,PASS,
spectral_ripples_14,esp8266_fastled_noneaudio,PASS,
spectral_ripples_14,rp2040_fastled_noneaudio,PASS,
spectral_ripples_14,rp2040_pico_fastled_msgeq7,PASS,
spectral_ripples_14,stm32_fastled_noneaudio,PASS,
spectral_ripples_14,teensy40_fastled_msgeq7,PASS,
spectral_ripples_14,teensy41_fastled,PASS,
spectral_ripples_14,teensy41_fastled_noneaudio,PASS,
spectral_wave,arduino_avr_fastled_msgeq7,PASS,
spectral_wave,arduino_avr_fastled_noaudio,PASS,
spectral_wave,arduino_avr_fastled_only,PASS,
spectral_wave,arduino_avr_matrix_fastled_msgeq7,PASS,
spectral_wave,arduino_mega_fastled_msgeq7,PASS,
spectral_wave,arduino_mega_pio_fastled_msgeq7,PASS,
spectral_wave,arduino_uno_fastled_msgeq7,PASS,
spectral_wave,arduino_uno_pio_fastled_msgeq7,PASS,
spectral_wave,esp32_fastled_msgeq7,PASS,
spectral_wave,esp32_hub75_i2sdma_msgeq7,PASS,
spectral_wave,esp32_neopixelbus_msgeq7,PASS,
spectral_wave,esp8266_fastled_noneaudio,PASS,
spectral_wave,rp2040_fastled_noneaudio,PASS,
spectral_wave,rp2040_pico_fastled_msgeq7,PASS,
spectral_wave,stm32_fastled_noneaudio,PASS,
spectral_wave,teensy40_fastled_msgeq7,PASS,
spectral_wave,teensy41_fastled,PASS,
spectral_wave,teensy41_fastled_noneaudio,PASS,
spectrum_bars_stereo,arduino_avr_fastled_msgeq7,PASS,
spectrum_bars_stereo,arduino_avr_fastled_noaudio,PASS,
spectrum_bars_stereo,arduino_avr_fastled_only,PASS,
spectrum_bars_stereo,arduino_avr_matrix_fastled_msgeq7,PASS,
spectrum_bars_stereo,arduino_mega_fastled_msgeq7,PASS,
spectrum_bars_stereo,arduino_mega_pio_fastled_msgeq7,PASS,
spectrum_bars_stereo,arduino_uno_fastled_msgeq7,PASS,
spectrum_bars_stereo,arduino_uno_pio_fastled_msgeq7,PASS,
spectrum_bars_stereo,esp32_fastled_msgeq7,PASS,
spectrum_bars_stereo,esp32_hub75_i2sdma_msgeq7,PASS,
spectrum_bars_stereo,esp32_neopixelbus_msgeq7,PASS,
spectrum_bars_stereo,esp8266_fastled_noneaudio,PASS,
spectrum_bars_stereo,rp2040_fastled_noneaudio,PASS,
spectrum_bars_stereo,rp2040_pico_fastled_msgeq7,PASS,
spectrum_bars_stereo,stm32_fastled_noneaudio,PASS,
spectrum_bars_stereo,teensy40_fastled_msgeq7,PASS,
spectrum_bars_stereo,teensy41_fastled,PASS,
spectrum_bars_stereo,teensy41_fastled_noneaudio,PASS,
starfield,arduino_avr_fastled_msgeq7,PASS,
starfield,arduino_avr_fastled_noaudio,PASS,
starfield,arduino_avr_fastled_only,PASS,
starfield,arduino_avr_matrix_fastled_msgeq7,PASS,
starfield,arduino_mega_fastled_msgeq7,PASS,
starfield,arduino_mega_pio_fastled_msgeq7,PASS,
starfield,arduino_uno_fastled_msgeq7,PASS,
starfield,arduino_uno_pio_fastled_msgeq7,PASS,
starfield,esp32_fastled_msgeq7,PASS,
starfield,esp32_hub75_i2sdma_msgeq7,PASS,
starfield,esp32_neopixelbus_msgeq7,PASS,
starfield,esp8266_fastled_noneaudio,PASS,
starfield,rp2040_fastled_noneaudio,PASS,
starfield,rp2040_pico_fastled_msgeq7,PASS,
starfield,stm32_fastled_noneaudio,PASS,
starfield,teensy40_fastled_msgeq7,PASS,
starfield,teensy41_fastled,PASS,
starfield,teensy41_fastled_noneaudio,PASS,
stereo_dual_vortex,arduino_avr_fastled_msgeq7,PASS,
stereo_dual_vortex,arduino_avr_fastled_noaudio,PASS,
stereo_dual_vortex,arduino_avr_fastled_only,PASS,
stereo_dual_vortex,arduino_avr_matrix_fastled_msgeq7,PASS,
stereo_dual_vortex,arduino_mega_fastled_msgeq7,PASS,
stereo_dual_vortex,arduino_mega_pio_fastled_msgeq7,PASS,
stereo_dual_vortex,arduino_uno_fastled_msgeq7,PASS,
stereo_dual_vortex,arduino_uno_pio_fastled_msgeq7,PASS,
stereo_dual_vortex,esp32_fastled_msgeq7,PASS,
stereo_dual_vortex,esp32_hub75_i2sdma_msgeq7,PASS,
stereo_dual_vortex,esp32_neopixelbus_msgeq7,PASS,
stereo_dual_vortex,esp8266_fastled_noneaudio,PASS,
stereo_dual_vortex,rp2040_fastled_noneaudio,PASS,
stereo_dual_vortex,rp2040_pico_fastled_msgeq7,PASS,
stereo_dual_vortex,stm32_fastled_noneaudio,PASS,
stereo_dual_vortex,teensy40_fastled_msgeq7,PASS,
stereo_dual_vortex,teensy41_fastled,PASS,
stereo_dual_vortex,teensy41_fastled_noneaudio,PASS,
stereo_energy_field,arduino_avr_fastled_msgeq7,PASS,
stereo_energy_field,arduino_avr_fastled_noaudio,PASS,
stereo_energy_field,arduino_avr_fastled_only,PASS,
stereo_energy_field,arduino_avr_matrix_fastled_msgeq7,PASS,
stereo_energy_field,arduino_mega_fastled_msgeq7,PASS,
stereo_energy_field,arduino_mega_pio_fastled_msgeq7,PASS,
stereo_energy_field,arduino_uno_fastled_msgeq7,PASS,
stereo_energy_field,arduino_uno_pio_fastled_msgeq7,PASS,
stereo_energy_field,esp32_fastled_msgeq7,PASS,
stereo_energy_field,esp32_hub75_i2sdma_msgeq7,PASS,
stereo_energy_field,esp32_neopixelbus_msgeq7,PASS,
stereo_energy_field,esp8266_fastled_noneaudio,PASS,
stereo_energy_field,rp2040_fastled_noneaudio,PASS,
stereo_energy_field,rp2040_pico_fastled_msgeq7,PASS,
stereo_energy_field,stm32_fastled_noneaudio,PASS,
stereo_energy_field,teensy40_fastled_msgeq7,PASS,
stereo_energy_field,teensy41_fastled,PASS,
stereo_energy_field,teensy41_fastled_noneaudio,PASS,
strobe,arduino_avr_fastled_msgeq7,PASS,
strobe,arduino_avr_fastled_noaudio,PASS,
strobe,arduino_avr_fastled_only,PASS,
strobe,arduino_avr_matrix_fastled_msgeq7,PASS,
strobe,arduino_mega_fastled_msgeq7,PASS,
strobe,arduino_mega_pio_fastled_msgeq7,PASS,
strobe,arduino_uno_fastled_msgeq7,PASS,
strobe,arduino_uno_pio_fastled_msgeq7,PASS,
strobe,esp32_fastled_msgeq7,PASS,
strobe,esp32_hub75_i2sdma_msgeq7,PASS,
strobe,esp32_neopixelbus_msgeq7,PASS,
strobe,esp8266_fastled_noneaudio,PASS,
strobe,rp2040_fastled_noneaudio,PASS,
strobe,rp2040_pico_fastled_msgeq7,PASS,
strobe,stm32_fastled_noneaudio,PASS,
strobe,teensy40_fastled_msgeq7,PASS,
strobe,teensy41_fastled,PASS,
strobe,teensy41_fastled_noneaudio,PASS,
sweep,arduino_avr_fastled_msgeq7,PASS,
sweep,arduino_avr_fastled_noaudio,PASS,
sweep,arduino_avr_fastled_only,PASS,
sweep,arduino_avr_matrix_fastled_msgeq7,PASS,
sweep,arduino_mega_fastled_msgeq7,PASS,
sweep,arduino_mega_pio_fastled_msgeq7,PASS,
sweep,arduino_uno_fastled_msgeq7,PASS,
sweep,arduino_uno_pio_fastled_msgeq7,PASS,
sweep,esp32_fastled_msgeq7,PASS,
sweep,esp32_hub75_i2sdma_msgeq7,PASS,
sweep,esp32_neopixelbus_msgeq7,PASS,
sweep,esp8266_fastled_noneaudio,PASS,
sweep,rp2040_fastled_noneaudio,PASS,
sweep,rp2040_pico_fastled_msgeq7,PASS,
sweep,stm32_fastled_noneaudio,PASS,
sweep,teensy40_fastled_msgeq7,PASS,
sweep,teensy41_fastled,PASS,
sweep,teensy41_fastled_noneaudio,PASS,
theater_chase,arduino_avr_fastled_msgeq7,PASS,
theater_chase,arduino_avr_fastled_noaudio,PASS,
theater_chase,arduino_avr_fastled_only,PASS,
theater_chase,arduino_avr_matrix_fastled_msgeq7,PASS,
theater_chase,arduino_mega_fastled_msgeq7,PASS,
theater_chase,arduino_mega_pio_fastled_msgeq7,PASS,
theater_chase,arduino_uno_fastled_msgeq7,PASS,
theater_chase,arduino_uno_pio_fastled_msgeq7,PASS,
theater_chase,esp32_fastled_msgeq7,PASS,
theater_chase,esp32_hub75_i2sdma_msgeq7,PASS,
theater_chase,esp32_neopixelbus_msgeq7,PASS,
theater_chase,esp8266_fastled_noneaudio,PASS,
theater_chase,rp2040_fastled_noneaudio,PASS,
theater_chase,rp2040_pico_fastled_msgeq7,PASS,
theater_chase,stm32_fastled_noneaudio,PASS,
theater_chase,teensy40_fastled_msgeq7,PASS,
theater_chase,teensy41_fastled,PASS,
theater_chase,teensy41_fastled_noneaudio,PASS,
tilemap_sprite,arduino_avr_fastled_msgeq7,PREVIEW_ONLY,Tilemap+sprite engine not yet exported.
tilemap_sprite,arduino_avr_fastled_noaudio,PREVIEW_ONLY,Tilemap+sprite engine not yet exported.
tilemap_sprite,arduino_avr_fastled_only,PREVIEW_ONLY,Tilemap+sprite engine not yet exported.
tilemap_sprite,arduino_avr_matrix_fastled_msgeq7,PREVIEW_ONLY,Tilemap+sprite engine not yet exported.
tilemap_sprite,arduino_mega_fastled_msgeq7,PREVIEW_ONLY,Tilemap+sprite engine not yet exported.
tilemap_sprite,arduino_mega_pio_fastled_msgeq7,PREVIEW_ONLY,Tilemap+sprite engine not yet exported.
tilemap_sprite,arduino_uno_fastled_msgeq7,PREVIEW_ONLY,Tilemap+sprite engine not yet exported.
tilemap_sprite,arduino_uno_pio_fastled_msgeq7,PREVIEW_ONLY,Tilemap+sprite engine not yet exported.
tilemap_sprite,esp32_fastled_msgeq7,PREVIEW_ONLY,Tilemap+sprite engine not yet exported.
tilemap_sprite,esp32_hub75_i2sdma_msgeq7,PREVIEW_ONLY,Tilemap+sprite engine not yet exported.
tilemap_sprite,esp32_neopixelbus_msgeq7,PREVIEW_ONLY,Tilemap+sprite engine not yet exported.
tilemap_sprite,esp8266_fastled_noneaudio,PREVIEW_ONLY,Tilemap+sprite engine not yet exported.
tilemap_sprite,rp2040_fastled_noneaudio,PREVIEW_ONLY,Tilemap+sprite engine not yet exported.
tilemap_sprite,rp2040_pico_fastled_msgeq7,PREVIEW_ONLY,Tilemap+sprite engine not yet exported.
tilemap_sprite,stm32_fastled_noneaudio,PREVIEW_ONLY,Tilemap+sprite engine not yet exported.
tilemap_sprite,teensy40_fastled_msgeq7,PREVIEW_ONLY,Tilemap+sprite engine not yet exported.
tilemap_sprite,teensy41_fastled,PREVIEW_ONLY,Tilemap+sprite engine not yet exported.
tilemap_sprite,teensy41_fastled_noneaudio,PREVIEW_ONLY,Tilemap+sprite engine not yet exported.
tunnel,arduino_avr_fastled_msgeq7,PASS,
tunnel,arduino_avr_fastled_noaudio,PASS,
tunnel,arduino_avr_fastled_only,PASS,
tunnel,arduino_avr_matrix_fastled_msgeq7,PASS,
tunnel,arduino_mega_fastled_msgeq7,PASS,
tunnel,arduino_mega_pio_fastled_msgeq7,PASS,
tunnel,arduino_uno_fastled_msgeq7,PASS,
tunnel,arduino_uno_pio_fastled_msgeq7,PASS,
tunnel,esp32_fastled_msgeq7,PASS,
tunnel,esp32_hub75_i2sdma_msgeq7,PASS,
tunnel,esp32_neopixelbus_msgeq7,PASS,
tunnel,esp8266_fastled_noneaudio,PASS,
tunnel,rp2040_fastled_noneaudio,PASS,
tunnel,rp2040_pico_fastled_msgeq7,PASS,
tunnel,stm32_fastled_noneaudio,PASS,
tunnel,teensy40_fastled_msgeq7,PASS,
tunnel,teensy41_fastled,PASS,
tunnel,teensy41_fastled_noneaudio,PASS,
twinkle,arduino_avr_fastled_msgeq7,PASS,
twinkle,arduino_avr_fastled_noaudio,PASS,
twinkle,arduino_avr_fastled_only,PASS,
twinkle,arduino_avr_matrix_fastled_msgeq7,PASS,
twinkle,arduino_mega_fastled_msgeq7,PASS,
twinkle,arduino_mega_pio_fastled_msgeq7,PASS,
twinkle,arduino_uno_fastled_msgeq7,PASS,
twinkle,arduino_uno_pio_fastled_msgeq7,PASS,
twinkle,esp32_fastled_msgeq7,PASS,
twinkle,esp32_hub75_i2sdma_msgeq7,PASS,
twinkle,esp32_neopixelbus_msgeq7,PASS,
twinkle,esp8266_fastled_noneaudio,PASS,
twinkle,rp2040_fastled_noneaudio,PASS,
twinkle,rp2040_pico_fastled_msgeq7,PASS,
twinkle,stm32_fastled_noneaudio,PASS,
twinkle,teensy40_fastled_msgeq7,PASS,
twinkle,teensy41_fastled,PASS,
twinkle,teensy41_fastled_noneaudio,PASS,
volumetric_fog,arduino_avr_fastled_msgeq7,PASS,
volumetric_fog,arduino_avr_fastled_noaudio,PASS,
volumetric_fog,arduino_avr_fastled_only,PASS,
volumetric_fog,arduino_avr_matrix_fastled_msgeq7,PASS,
volumetric_fog,arduino_mega_fastled_msgeq7,PASS,
volumetric_fog,arduino_mega_pio_fastled_msgeq7,PASS,
volumetric_fog,arduino_uno_fastled_msgeq7,PASS,
volumetric_fog,arduino_uno_pio_fastled_msgeq7,PASS,
volumetric_fog,esp32_fastled_msgeq7,PASS,
volumetric_fog,esp32_hub75_i2sdma_msgeq7,PASS,
volumetric_fog,esp32_neopixelbus_msgeq7,PASS,
volumetric_fog,esp8266_fastled_noneaudio,PASS,
volumetric_fog,rp2040_fastled_noneaudio,PASS,
volumetric_fog,rp2040_pico_fastled_msgeq7,PASS,
volumetric_fog,stm32_fastled_noneaudio,PASS,
volumetric_fog,teensy40_fastled_msgeq7,PASS,
volumetric_fog,teensy41_fastled,PASS,
volumetric_fog,teensy41_fastled_noneaudio,PASS,
vortex_particles,arduino_avr_fastled_msgeq7,PASS,
vortex_particles,arduino_avr_fastled_noaudio,PASS,
vortex_particles,arduino_avr_fastled_only,PASS,
vortex_particles,arduino_avr_matrix_fastled_msgeq7,PASS,
vortex_particles,arduino_mega_fastled_msgeq7,PASS,
vortex_particles,arduino_mega_pio_fastled_msgeq7,PASS,
vortex_particles,arduino_uno_fastled_msgeq7,PASS,
vortex_particles,arduino_uno_pio_fastled_msgeq7,PASS,
vortex_particles,esp32_fastled_msgeq7,PASS,
vortex_particles,esp32_hub75_i2sdma_msgeq7,PASS,
vortex_particles,esp32_neopixelbus_msgeq7,PASS,
vortex_particles,esp8266_fastled_noneaudio,PASS,
vortex_particles,rp2040_fastled_noneaudio,PASS,
vortex_particles,rp2040_pico_fastled_msgeq7,PASS,
vortex_particles,stm32_fastled_noneaudio,PASS,
vortex_particles,teensy40_fastled_msgeq7,PASS,
vortex_particles,teensy41_fastled,PASS,
vortex_particles,teensy41_fastled_noneaudio,PASS,
wave,arduino_avr_fastled_msgeq7,PASS,
wave,arduino_avr_fastled_noaudio,PASS,
wave,arduino_avr_fastled_only,PASS,
wave,arduino_avr_matrix_fastled_msgeq7,PASS,
wave,arduino_mega_fastled_msgeq7,PASS,
wave,arduino_mega_pio_fastled_msgeq7,PASS,
wave,arduino_uno_fastled_msgeq7,PASS,
wave,arduino_uno_pio_fastled_msgeq7,PASS,
wave,esp32_fastled_msgeq7,PASS,
wave,esp32_hub75_i2sdma_msgeq7,PASS,
wave,esp32_neopixelbus_msgeq7,PASS,
wave,esp8266_fastled_noneaudio,PASS,
wave,rp2040_fastled_noneaudio,PASS,
wave,rp2040_pico_fastled_msgeq7,PASS,
wave,stm32_fastled_noneaudio,PASS,
wave,teensy40_fastled_msgeq7,PASS,
wave,teensy41_fastled,PASS,
wave,teensy41_fastled_noneaudio,PASS,
wipe,arduino_avr_fastled_msgeq7,PASS,
wipe,arduino_avr_fastled_noaudio,PASS,
wipe,arduino_avr_fastled_only,PASS,
wipe,arduino_avr_matrix_fastled_msgeq7,PASS,
wipe,arduino_mega_fastled_msgeq7,PASS,
wipe,arduino_mega_pio_fastled_msgeq7,PASS,
wipe,arduino_uno_fastled_msgeq7,PASS,
wipe,arduino_uno_pio_fastled_msgeq7,PASS,
wipe,esp32_fastled_msgeq7,PASS,
wipe,esp32_hub75_i2sdma_msgeq7,PASS,
wipe,esp32_neopixelbus_msgeq7,PASS,
wipe,esp8266_fastled_noneaudio,PASS,
wipe,rp2040_fastled_noneaudio,PASS,
wipe,rp2040_pico_fastled_msgeq7,PASS,
wipe,stm32_fastled_noneaudio,PASS,
wipe,teensy40_fastled_msgeq7,PASS,
wipe,teensy41_fastled,PASS,
wipe,teensy41_fastled_noneaudio,PASS,