target,behavior,result,errors,warnings
arduino_avr_fastled_msgeq7,asteroids_game,ok,,
arduino_avr_fastled_msgeq7,asteroids_lite,ok,,
arduino_avr_fastled_msgeq7,audio_meter,ok,,
arduino_avr_fastled_msgeq7,audio_routed_zones,ok,,
arduino_avr_fastled_msgeq7,audio_zone_eq,ok,,
arduino_avr_fastled_msgeq7,aurora,ok,,
arduino_avr_fastled_msgeq7,beat_strobe,ok,,
arduino_avr_fastled_msgeq7,blocks_ball_game_ino,ok,,
arduino_avr_fastled_msgeq7,bouncer,ok,,
arduino_avr_fastled_msgeq7,bpm,ok,,
arduino_avr_fastled_msgeq7,bpm_pulse_train,ok,,
arduino_avr_fastled_msgeq7,breakout_game,ok,,
arduino_avr_fastled_msgeq7,breakout_lite,ok,,
arduino_avr_fastled_msgeq7,call_response,ok,,
arduino_avr_fastled_msgeq7,chase,ok,,
arduino_avr_fastled_msgeq7,color_wipe,ok,,
arduino_avr_fastled_msgeq7,comet_storm,ok,,
arduino_avr_fastled_msgeq7,confetti,ok,,
arduino_avr_fastled_msgeq7,crystal_shards,ok,,
arduino_avr_fastled_msgeq7,cylon,ok,,
arduino_avr_fastled_msgeq7,demo_asteroids,ok,,
arduino_avr_fastled_msgeq7,demo_breakout,ok,,
arduino_avr_fastled_msgeq7,dna_helix,ok,,
arduino_avr_fastled_msgeq7,electric_web,ok,,
arduino_avr_fastled_msgeq7,explosion,ok,,
arduino_avr_fastled_msgeq7,fade,ok,,
arduino_avr_fastled_msgeq7,fire,ok,,
arduino_avr_fastled_msgeq7,fireworks,ok,,
arduino_avr_fastled_msgeq7,force_particles,ok,,
arduino_avr_fastled_msgeq7,fractal_flame,ok,,
arduino_avr_fastled_msgeq7,frequency_particles_14,ok,,
arduino_avr_fastled_msgeq7,game_of_life,ok,,
arduino_avr_fastled_msgeq7,glitch_datamosh,ok,,
arduino_avr_fastled_msgeq7,gradient,ok,,
arduino_avr_fastled_msgeq7,gravity_blobs,ok,,
arduino_avr_fastled_msgeq7,hyperspace,ok,,
arduino_avr_fastled_msgeq7,impact_ripples,ok,,
arduino_avr_fastled_msgeq7,juggle,ok,,
arduino_avr_fastled_msgeq7,kaleidoscope,ok,,
arduino_avr_fastled_msgeq7,kick_burst,ok,,
arduino_avr_fastled_msgeq7,lightning,ok,,
arduino_avr_fastled_msgeq7,liquid_metal,ok,,
arduino_avr_fastled_msgeq7,meteor,ok,,
arduino_avr_fastled_msgeq7,msgeq7_reactive_ino,ok,,
arduino_avr_fastled_msgeq7,msgeq7_visualizer_575,ok,,
arduino_avr_fastled_msgeq7,neon_city,ok,,
arduino_avr_fastled_msgeq7,noise,ok,,
arduino_avr_fastled_msgeq7,plasma_lattice,ok,,
arduino_avr_fastled_msgeq7,portal,ok,,
arduino_avr_fastled_msgeq7,pulse,ok,,
arduino_avr_fastled_msgeq7,purpose_autoplay,ok,,
arduino_avr_fastled_msgeq7,purpose_bar,ok,,
arduino_avr_fastled_msgeq7,purpose_meter,ok,,
arduino_avr_fastled_msgeq7,rainbow,ok,,
arduino_avr_fastled_msgeq7,rainbow_wipe,ok,,
arduino_avr_fastled_msgeq7,reaction_diffusion,ok,,
arduino_avr_fastled_msgeq7,ripple,ok,,
arduino_avr_fastled_msgeq7,scanner,ok,,
arduino_avr_fastled_msgeq7,section_morph_palette,ok,,
arduino_avr_fastled_msgeq7,shock_chain,ok,,
arduino_avr_fastled_msgeq7,shooter_game_ino,ok,,
arduino_avr_fastled_msgeq7,sinelon,ok,,
arduino_avr_fastled_msgeq7,snake_game,ok,,
arduino_avr_fastled_msgeq7,snake_game_ino,ok,,
arduino_avr_fastled_msgeq7,snare_spark,ok,,
arduino_avr_fastled_msgeq7,solid,ok,,
arduino_avr_fastled_msgeq7,sparkle,ok,,
arduino_avr_fastled_msgeq7,spectral_dna_helix_14,ok,,
arduino_avr_fastled_msgeq7,spectral_kaleidoscope_audio,ok,,
arduino_avr_fastled_msgeq7,spectral_ripples_14,ok,,
arduino_avr_fastled_msgeq7,spectral_wave,ok,,
arduino_avr_fastled_msgeq7,spectrum_bars_stereo,ok,,
arduino_avr_fastled_msgeq7,starfield,ok,,
arduino_avr_fastled_msgeq7,stereo_call_response,ok,,
arduino_avr_fastled_msgeq7,stereo_dual_vortex,ok,,
arduino_avr_fastled_msgeq7,stereo_energy_field,ok,,
arduino_avr_fastled_msgeq7,strobe,ok,,
arduino_avr_fastled_msgeq7,sweep,ok,,
arduino_avr_fastled_msgeq7,theater_chase,ok,,
arduino_avr_fastled_msgeq7,tunnel,ok,,
arduino_avr_fastled_msgeq7,twinkle,ok,,
arduino_avr_fastled_msgeq7,volumetric_fog,ok,,
arduino_avr_fastled_msgeq7,vortex_particles,ok,,
arduino_avr_fastled_msgeq7,wave,ok,,
arduino_avr_fastled_msgeq7,wipe,ok,,
arduino_avr_matrix_fastled_msgeq7,asteroids_game,ok,,
arduino_avr_matrix_fastled_msgeq7,asteroids_lite,ok,,
arduino_avr_matrix_fastled_msgeq7,audio_meter,ok,,
arduino_avr_matrix_fastled_msgeq7,audio_routed_zones,ok,,
arduino_avr_matrix_fastled_msgeq7,audio_zone_eq,ok,,
arduino_avr_matrix_fastled_msgeq7,aurora,ok,,
arduino_avr_matrix_fastled_msgeq7,beat_strobe,ok,,
arduino_avr_matrix_fastled_msgeq7,blocks_ball_game_ino,ok,,
arduino_avr_matrix_fastled_msgeq7,bouncer,ok,,
arduino_avr_matrix_fastled_msgeq7,bpm,ok,,
arduino_avr_matrix_fastled_msgeq7,bpm_pulse_train,ok,,
arduino_avr_matrix_fastled_msgeq7,breakout_game,ok,,
arduino_avr_matrix_fastled_msgeq7,breakout_lite,ok,,
arduino_avr_matrix_fastled_msgeq7,call_response,ok,,
arduino_avr_matrix_fastled_msgeq7,chase,ok,,
arduino_avr_matrix_fastled_msgeq7,color_wipe,ok,,
arduino_avr_matrix_fastled_msgeq7,comet_storm,ok,,
arduino_avr_matrix_fastled_msgeq7,confetti,ok,,
arduino_avr_matrix_fastled_msgeq7,crystal_shards,ok,,
arduino_avr_matrix_fastled_msgeq7,cylon,ok,,
arduino_avr_matrix_fastled_msgeq7,demo_asteroids,ok,,
arduino_avr_matrix_fastled_msgeq7,demo_breakout,ok,,
arduino_avr_matrix_fastled_msgeq7,dna_helix,ok,,
arduino_avr_matrix_fastled_msgeq7,electric_web,ok,,
arduino_avr_matrix_fastled_msgeq7,explosion,ok,,
arduino_avr_matrix_fastled_msgeq7,fade,ok,,
arduino_avr_matrix_fastled_msgeq7,fire,ok,,
arduino_avr_matrix_fastled_msgeq7,fireworks,ok,,
arduino_avr_matrix_fastled_msgeq7,force_particles,ok,,
arduino_avr_matrix_fastled_msgeq7,fractal_flame,ok,,
arduino_avr_matrix_fastled_msgeq7,frequency_particles_14,ok,,
arduino_avr_matrix_fastled_msgeq7,game_of_life,ok,,
arduino_avr_matrix_fastled_msgeq7,glitch_datamosh,ok,,
arduino_avr_matrix_fastled_msgeq7,gradient,ok,,
arduino_avr_matrix_fastled_msgeq7,gravity_blobs,ok,,
arduino_avr_matrix_fastled_msgeq7,hyperspace,ok,,
arduino_avr_matrix_fastled_msgeq7,impact_ripples,ok,,
arduino_avr_matrix_fastled_msgeq7,juggle,ok,,
arduino_avr_matrix_fastled_msgeq7,kaleidoscope,ok,,
arduino_avr_matrix_fastled_msgeq7,kick_burst,ok,,
arduino_avr_matrix_fastled_msgeq7,lightning,ok,,
arduino_avr_matrix_fastled_msgeq7,liquid_metal,ok,,
arduino_avr_matrix_fastled_msgeq7,meteor,ok,,
arduino_avr_matrix_fastled_msgeq7,msgeq7_reactive_ino,ok,,
arduino_avr_matrix_fastled_msgeq7,msgeq7_visualizer_575,ok,,
arduino_avr_matrix_fastled_msgeq7,neon_city,ok,,
arduino_avr_matrix_fastled_msgeq7,noise,ok,,
arduino_avr_matrix_fastled_msgeq7,plasma_lattice,ok,,
arduino_avr_matrix_fastled_msgeq7,portal,ok,,
arduino_avr_matrix_fastled_msgeq7,pulse,ok,,
arduino_avr_matrix_fastled_msgeq7,purpose_autoplay,ok,,
arduino_avr_matrix_fastled_msgeq7,purpose_bar,ok,,
arduino_avr_matrix_fastled_msgeq7,purpose_meter,ok,,
arduino_avr_matrix_fastled_msgeq7,rainbow,ok,,
arduino_avr_matrix_fastled_msgeq7,rainbow_wipe,ok,,
arduino_avr_matrix_fastled_msgeq7,reaction_diffusion,ok,,
arduino_avr_matrix_fastled_msgeq7,ripple,ok,,
arduino_avr_matrix_fastled_msgeq7,scanner,ok,,
arduino_avr_matrix_fastled_msgeq7,section_morph_palette,ok,,
arduino_avr_matrix_fastled_msgeq7,shock_chain,ok,,
arduino_avr_matrix_fastled_msgeq7,shooter_game_ino,ok,,
arduino_avr_matrix_fastled_msgeq7,sinelon,ok,,
arduino_avr_matrix_fastled_msgeq7,snake_game,ok,,
arduino_avr_matrix_fastled_msgeq7,snake_game_ino,ok,,
arduino_avr_matrix_fastled_msgeq7,snare_spark,ok,,
arduino_avr_matrix_fastled_msgeq7,solid,ok,,
arduino_avr_matrix_fastled_msgeq7,sparkle,ok,,
arduino_avr_matrix_fastled_msgeq7,spectral_dna_helix_14,ok,,
arduino_avr_matrix_fastled_msgeq7,spectral_kaleidoscope_audio,ok,,
arduino_avr_matrix_fastled_msgeq7,spectral_ripples_14,ok,,
arduino_avr_matrix_fastled_msgeq7,spectral_wave,ok,,
arduino_avr_matrix_fastled_msgeq7,spectrum_bars_stereo,ok,,
arduino_avr_matrix_fastled_msgeq7,starfield,ok,,
arduino_avr_matrix_fastled_msgeq7,stereo_call_response,ok,,
arduino_avr_matrix_fastled_msgeq7,stereo_dual_vortex,ok,,
arduino_avr_matrix_fastled_msgeq7,stereo_energy_field,ok,,
arduino_avr_matrix_fastled_msgeq7,strobe,ok,,
arduino_avr_matrix_fastled_msgeq7,sweep,ok,,
arduino_avr_matrix_fastled_msgeq7,theater_chase,ok,,
arduino_avr_matrix_fastled_msgeq7,tunnel,ok,,
arduino_avr_matrix_fastled_msgeq7,twinkle,ok,,
arduino_avr_matrix_fastled_msgeq7,volumetric_fog,ok,,
arduino_avr_matrix_fastled_msgeq7,vortex_particles,ok,,
arduino_avr_matrix_fastled_msgeq7,wave,ok,,
arduino_avr_matrix_fastled_msgeq7,wipe,ok,,
arduino_avr_fastled_noaudio,asteroids_game,ok,,
arduino_avr_fastled_noaudio,asteroids_lite,ok,,
arduino_avr_fastled_noaudio,audio_meter,ok,,
arduino_avr_fastled_noaudio,audio_routed_zones,ok,,
arduino_avr_fastled_noaudio,audio_zone_eq,ok,,
arduino_avr_fastled_noaudio,aurora,ok,,
arduino_avr_fastled_noaudio,beat_strobe,ok,,
arduino_avr_fastled_noaudio,blocks_ball_game_ino,ok,,
arduino_avr_fastled_noaudio,bouncer,ok,,
arduino_avr_fastled_noaudio,bpm,ok,,
arduino_avr_fastled_noaudio,bpm_pulse_train,ok,,
arduino_avr_fastled_noaudio,breakout_game,ok,,
arduino_avr_fastled_noaudio,breakout_lite,ok,,
arduino_avr_fastled_noaudio,call_response,ok,,
arduino_avr_fastled_noaudio,chase,ok,,
arduino_avr_fastled_noaudio,color_wipe,ok,,
arduino_avr_fastled_noaudio,comet_storm,ok,,
arduino_avr_fastled_noaudio,confetti,ok,,
arduino_avr_fastled_noaudio,crystal_shards,ok,,
arduino_avr_fastled_noaudio,cylon,ok,,
arduino_avr_fastled_noaudio,demo_asteroids,ok,,
arduino_avr_fastled_noaudio,demo_breakout,ok,,
arduino_avr_fastled_noaudio,dna_helix,ok,,
arduino_avr_fastled_noaudio,electric_web,ok,,
arduino_avr_fastled_noaudio,explosion,ok,,
arduino_avr_fastled_noaudio,fade,ok,,
arduino_avr_fastled_noaudio,fire,ok,,
arduino_avr_fastled_noaudio,fireworks,ok,,
arduino_avr_fastled_noaudio,force_particles,ok,,
arduino_avr_fastled_noaudio,fractal_flame,ok,,
arduino_avr_fastled_noaudio,frequency_particles_14,ok,,
arduino_avr_fastled_noaudio,game_of_life,ok,,
arduino_avr_fastled_noaudio,glitch_datamosh,ok,,
arduino_avr_fastled_noaudio,gradient,ok,,
arduino_avr_fastled_noaudio,gravity_blobs,ok,,
arduino_avr_fastled_noaudio,hyperspace,ok,,
arduino_avr_fastled_noaudio,impact_ripples,ok,,
arduino_avr_fastled_noaudio,juggle,ok,,
arduino_avr_fastled_noaudio,kaleidoscope,ok,,
arduino_avr_fastled_noaudio,kick_burst,ok,,
arduino_avr_fastled_noaudio,lightning,ok,,
arduino_avr_fastled_noaudio,liquid_metal,ok,,
arduino_avr_fastled_noaudio,meteor,ok,,
arduino_avr_fastled_noaudio,msgeq7_reactive_ino,ok,,
arduino_avr_fastled_noaudio,msgeq7_visualizer_575,ok,,
arduino_avr_fastled_noaudio,neon_city,ok,,
arduino_avr_fastled_noaudio,noise,ok,,
arduino_avr_fastled_noaudio,plasma_lattice,ok,,
arduino_avr_fastled_noaudio,portal,ok,,
arduino_avr_fastled_noaudio,pulse,ok,,
arduino_avr_fastled_noaudio,purpose_autoplay,ok,,
arduino_avr_fastled_noaudio,purpose_bar,ok,,
arduino_avr_fastled_noaudio,purpose_meter,ok,,
arduino_avr_fastled_noaudio,rainbow,ok,,
arduino_avr_fastled_noaudio,rainbow_wipe,ok,,
arduino_avr_fastled_noaudio,reaction_diffusion,ok,,
arduino_avr_fastled_noaudio,ripple,ok,,
arduino_avr_fastled_noaudio,scanner,ok,,
arduino_avr_fastled_noaudio,section_morph_palette,ok,,
arduino_avr_fastled_noaudio,shock_chain,ok,,
arduino_avr_fastled_noaudio,shooter_game_ino,ok,,
arduino_avr_fastled_noaudio,sinelon,ok,,
arduino_avr_fastled_noaudio,snake_game,ok,,
arduino_avr_fastled_noaudio,snake_game_ino,ok,,
arduino_avr_fastled_noaudio,snare_spark,ok,,
arduino_avr_fastled_noaudio,solid,ok,,
arduino_avr_fastled_noaudio,sparkle,ok,,
arduino_avr_fastled_noaudio,spectral_dna_helix_14,ok,,
arduino_avr_fastled_noaudio,spectral_kaleidoscope_audio,ok,,
arduino_avr_fastled_noaudio,spectral_ripples_14,ok,,
arduino_avr_fastled_noaudio,spectral_wave,ok,,
arduino_avr_fastled_noaudio,spectrum_bars_stereo,ok,,
arduino_avr_fastled_noaudio,starfield,ok,,
arduino_avr_fastled_noaudio,stereo_call_response,ok,,
arduino_avr_fastled_noaudio,stereo_dual_vortex,ok,,
arduino_avr_fastled_noaudio,stereo_energy_field,ok,,
arduino_avr_fastled_noaudio,strobe,ok,,
arduino_avr_fastled_noaudio,sweep,ok,,
arduino_avr_fastled_noaudio,theater_chase,ok,,
arduino_avr_fastled_noaudio,tunnel,ok,,
arduino_avr_fastled_noaudio,twinkle,ok,,
arduino_avr_fastled_noaudio,volumetric_fog,ok,,
arduino_avr_fastled_noaudio,vortex_particles,ok,,
arduino_avr_fastled_noaudio,wave,ok,,
arduino_avr_fastled_noaudio,wipe,ok,,
arduino_avr_fastled_only,asteroids_game,ok,,
arduino_avr_fastled_only,asteroids_lite,ok,,
arduino_avr_fastled_only,audio_meter,ok,,
arduino_avr_fastled_only,audio_routed_zones,ok,,
arduino_avr_fastled_only,audio_zone_eq,ok,,
arduino_avr_fastled_only,aurora,ok,,
arduino_avr_fastled_only,beat_strobe,ok,,
arduino_avr_fastled_only,blocks_ball_game_ino,ok,,
arduino_avr_fastled_only,bouncer,ok,,
arduino_avr_fastled_only,bpm,ok,,
arduino_avr_fastled_only,bpm_pulse_train,ok,,
arduino_avr_fastled_only,breakout_game,ok,,
arduino_avr_fastled_only,breakout_lite,ok,,
arduino_avr_fastled_only,call_response,ok,,
arduino_avr_fastled_only,chase,ok,,
arduino_avr_fastled_only,color_wipe,ok,,
arduino_avr_fastled_only,comet_storm,ok,,
arduino_avr_fastled_only,confetti,ok,,
arduino_avr_fastled_only,crystal_shards,ok,,
arduino_avr_fastled_only,cylon,ok,,
arduino_avr_fastled_only,demo_asteroids,ok,,
arduino_avr_fastled_only,demo_breakout,ok,,
arduino_avr_fastled_only,dna_helix,ok,,
arduino_avr_fastled_only,electric_web,ok,,
arduino_avr_fastled_only,explosion,ok,,
arduino_avr_fastled_only,fade,ok,,
arduino_avr_fastled_only,fire,ok,,
arduino_avr_fastled_only,fireworks,ok,,
arduino_avr_fastled_only,force_particles,ok,,
arduino_avr_fastled_only,fractal_flame,ok,,
arduino_avr_fastled_only,frequency_particles_14,ok,,
arduino_avr_fastled_only,game_of_life,ok,,
arduino_avr_fastled_only,glitch_datamosh,ok,,
arduino_avr_fastled_only,gradient,ok,,
arduino_avr_fastled_only,gravity_blobs,ok,,
arduino_avr_fastled_only,hyperspace,ok,,
arduino_avr_fastled_only,impact_ripples,ok,,
arduino_avr_fastled_only,juggle,ok,,
arduino_avr_fastled_only,kaleidoscope,ok,,
arduino_avr_fastled_only,kick_burst,ok,,
arduino_avr_fastled_only,lightning,ok,,
arduino_avr_fastled_only,liquid_metal,ok,,
arduino_avr_fastled_only,meteor,ok,,
arduino_avr_fastled_only,msgeq7_reactive_ino,ok,,
arduino_avr_fastled_only,msgeq7_visualizer_575,ok,,
arduino_avr_fastled_only,neon_city,ok,,
arduino_avr_fastled_only,noise,ok,,
arduino_avr_fastled_only,plasma_lattice,ok,,
arduino_avr_fastled_only,portal,ok,,
arduino_avr_fastled_only,pulse,ok,,
arduino_avr_fastled_only,purpose_autoplay,ok,,
arduino_avr_fastled_only,purpose_bar,ok,,
arduino_avr_fastled_only,purpose_meter,ok,,
arduino_avr_fastled_only,rainbow,ok,,
arduino_avr_fastled_only,rainbow_wipe,ok,,
arduino_avr_fastled_only,reaction_diffusion,ok,,
arduino_avr_fastled_only,ripple,ok,,
arduino_avr_fastled_only,scanner,ok,,
arduino_avr_fastled_only,section_morph_palette,ok,,
arduino_avr_fastled_only,shock_chain,ok,,
arduino_avr_fastled_only,shooter_game_ino,ok,,
arduino_avr_fastled_only,sinelon,ok,,
arduino_avr_fastled_only,snake_game,ok,,
arduino_avr_fastled_only,snake_game_ino,ok,,
arduino_avr_fastled_only,snare_spark,ok,,
arduino_avr_fastled_only,solid,ok,,
arduino_avr_fastled_only,sparkle,ok,,
arduino_avr_fastled_only,spectral_dna_helix_14,ok,,
arduino_avr_fastled_only,spectral_kaleidoscope_audio,ok,,
arduino_avr_fastled_only,spectral_ripples_14,ok,,
arduino_avr_fastled_only,spectral_wave,ok,,
arduino_avr_fastled_only,spectrum_bars_stereo,ok,,
arduino_avr_fastled_only,starfield,ok,,
arduino_avr_fastled_only,stereo_call_response,ok,,
arduino_avr_fastled_only,stereo_dual_vortex,ok,,
arduino_avr_fastled_only,stereo_energy_field,ok,,
arduino_avr_fastled_only,strobe,ok,,
arduino_avr_fastled_only,sweep,ok,,
arduino_avr_fastled_only,theater_chase,ok,,
arduino_avr_fastled_only,tunnel,ok,,
arduino_avr_fastled_only,twinkle,ok,,
arduino_avr_fastled_only,volumetric_fog,ok,,
arduino_avr_fastled_only,vortex_particles,ok,,
arduino_avr_fastled_only,wave,ok,,
arduino_avr_fastled_only,wipe,ok,,
arduino_mega_fastled_msgeq7,asteroids_game,ok,,
arduino_mega_fastled_msgeq7,asteroids_lite,ok,,
arduino_mega_fastled_msgeq7,audio_meter,ok,,
arduino_mega_fastled_msgeq7,audio_routed_zones,ok,,
arduino_mega_fastled_msgeq7,audio_zone_eq,ok,,
arduino_mega_fastled_msgeq7,aurora,ok,,
arduino_mega_fastled_msgeq7,beat_strobe,ok,,
arduino_mega_fastled_msgeq7,blocks_ball_game_ino,ok,,
arduino_mega_fastled_msgeq7,bouncer,ok,,
arduino_mega_fastled_msgeq7,bpm,ok,,
arduino_mega_fastled_msgeq7,bpm_pulse_train,ok,,
arduino_mega_fastled_msgeq7,breakout_game,ok,,
arduino_mega_fastled_msgeq7,breakout_lite,ok,,
arduino_mega_fastled_msgeq7,call_response,ok,,
arduino_mega_fastled_msgeq7,chase,ok,,
arduino_mega_fastled_msgeq7,color_wipe,ok,,
arduino_mega_fastled_msgeq7,comet_storm,ok,,
arduino_mega_fastled_msgeq7,confetti,ok,,
arduino_mega_fastled_msgeq7,crystal_shards,ok,,
arduino_mega_fastled_msgeq7,cylon,ok,,
arduino_mega_fastled_msgeq7,demo_asteroids,ok,,
arduino_mega_fastled_msgeq7,demo_breakout,ok,,
arduino_mega_fastled_msgeq7,dna_helix,ok,,
arduino_mega_fastled_msgeq7,electric_web,ok,,
arduino_mega_fastled_msgeq7,explosion,ok,,
arduino_mega_fastled_msgeq7,fade,ok,,
arduino_mega_fastled_msgeq7,fire,ok,,
arduino_mega_fastled_msgeq7,fireworks,ok,,
arduino_mega_fastled_msgeq7,force_particles,ok,,
arduino_mega_fastled_msgeq7,fractal_flame,ok,,
arduino_mega_fastled_msgeq7,frequency_particles_14,ok,,
arduino_mega_fastled_msgeq7,game_of_life,ok,,
arduino_mega_fastled_msgeq7,glitch_datamosh,ok,,
arduino_mega_fastled_msgeq7,gradient,ok,,
arduino_mega_fastled_msgeq7,gravity_blobs,ok,,
arduino_mega_fastled_msgeq7,hyperspace,ok,,
arduino_mega_fastled_msgeq7,impact_ripples,ok,,
arduino_mega_fastled_msgeq7,juggle,ok,,
arduino_mega_fastled_msgeq7,kaleidoscope,ok,,
arduino_mega_fastled_msgeq7,kick_burst,ok,,
arduino_mega_fastled_msgeq7,lightning,ok,,
arduino_mega_fastled_msgeq7,liquid_metal,ok,,
arduino_mega_fastled_msgeq7,meteor,ok,,
arduino_mega_fastled_msgeq7,msgeq7_reactive_ino,ok,,
arduino_mega_fastled_msgeq7,msgeq7_visualizer_575,ok,,
arduino_mega_fastled_msgeq7,neon_city,ok,,
arduino_mega_fastled_msgeq7,noise,ok,,
arduino_mega_fastled_msgeq7,plasma_lattice,ok,,
arduino_mega_fastled_msgeq7,portal,ok,,
arduino_mega_fastled_msgeq7,pulse,ok,,
arduino_mega_fastled_msgeq7,purpose_autoplay,ok,,
arduino_mega_fastled_msgeq7,purpose_bar,ok,,
arduino_mega_fastled_msgeq7,purpose_meter,ok,,
arduino_mega_fastled_msgeq7,rainbow,ok,,
arduino_mega_fastled_msgeq7,rainbow_wipe,ok,,
arduino_mega_fastled_msgeq7,reaction_diffusion,ok,,
arduino_mega_fastled_msgeq7,ripple,ok,,
arduino_mega_fastled_msgeq7,scanner,ok,,
arduino_mega_fastled_msgeq7,section_morph_palette,ok,,
arduino_mega_fastled_msgeq7,shock_chain,ok,,
arduino_mega_fastled_msgeq7,shooter_game_ino,ok,,
arduino_mega_fastled_msgeq7,sinelon,ok,,
arduino_mega_fastled_msgeq7,snake_game,ok,,
arduino_mega_fastled_msgeq7,snake_game_ino,ok,,
arduino_mega_fastled_msgeq7,snare_spark,ok,,
arduino_mega_fastled_msgeq7,solid,ok,,
arduino_mega_fastled_msgeq7,sparkle,ok,,
arduino_mega_fastled_msgeq7,spectral_dna_helix_14,ok,,
arduino_mega_fastled_msgeq7,spectral_kaleidoscope_audio,ok,,
arduino_mega_fastled_msgeq7,spectral_ripples_14,ok,,
arduino_mega_fastled_msgeq7,spectral_wave,ok,,
arduino_mega_fastled_msgeq7,spectrum_bars_stereo,ok,,
arduino_mega_fastled_msgeq7,starfield,ok,,
arduino_mega_fastled_msgeq7,stereo_call_response,ok,,
arduino_mega_fastled_msgeq7,stereo_dual_vortex,ok,,
arduino_mega_fastled_msgeq7,stereo_energy_field,ok,,
arduino_mega_fastled_msgeq7,strobe,ok,,
arduino_mega_fastled_msgeq7,sweep,ok,,
arduino_mega_fastled_msgeq7,theater_chase,ok,,
arduino_mega_fastled_msgeq7,tunnel,ok,,
arduino_mega_fastled_msgeq7,twinkle,ok,,
arduino_mega_fastled_msgeq7,volumetric_fog,ok,,
arduino_mega_fastled_msgeq7,vortex_particles,ok,,
arduino_mega_fastled_msgeq7,wave,ok,,
arduino_mega_fastled_msgeq7,wipe,ok,,
arduino_mega_pio_fastled_msgeq7,asteroids_game,ok,,
arduino_mega_pio_fastled_msgeq7,asteroids_lite,ok,,
arduino_mega_pio_fastled_msgeq7,audio_meter,ok,,
arduino_mega_pio_fastled_msgeq7,audio_routed_zones,ok,,
arduino_mega_pio_fastled_msgeq7,audio_zone_eq,ok,,
arduino_mega_pio_fastled_msgeq7,aurora,ok,,
arduino_mega_pio_fastled_msgeq7,beat_strobe,ok,,
arduino_mega_pio_fastled_msgeq7,blocks_ball_game_ino,ok,,
arduino_mega_pio_fastled_msgeq7,bouncer,ok,,
arduino_mega_pio_fastled_msgeq7,bpm,ok,,
arduino_mega_pio_fastled_msgeq7,bpm_pulse_train,ok,,
arduino_mega_pio_fastled_msgeq7,breakout_game,ok,,
arduino_mega_pio_fastled_msgeq7,breakout_lite,ok,,
arduino_mega_pio_fastled_msgeq7,call_response,ok,,
arduino_mega_pio_fastled_msgeq7,chase,ok,,
arduino_mega_pio_fastled_msgeq7,color_wipe,ok,,
arduino_mega_pio_fastled_msgeq7,comet_storm,ok,,
arduino_mega_pio_fastled_msgeq7,confetti,ok,,
arduino_mega_pio_fastled_msgeq7,crystal_shards,ok,,
arduino_mega_pio_fastled_msgeq7,cylon,ok,,
arduino_mega_pio_fastled_msgeq7,demo_asteroids,ok,,
arduino_mega_pio_fastled_msgeq7,demo_breakout,ok,,
arduino_mega_pio_fastled_msgeq7,dna_helix,ok,,
arduino_mega_pio_fastled_msgeq7,electric_web,ok,,
arduino_mega_pio_fastled_msgeq7,explosion,ok,,
arduino_mega_pio_fastled_msgeq7,fade,ok,,
arduino_mega_pio_fastled_msgeq7,fire,ok,,
arduino_mega_pio_fastled_msgeq7,fireworks,ok,,
arduino_mega_pio_fastled_msgeq7,force_particles,ok,,
arduino_mega_pio_fastled_msgeq7,fractal_flame,ok,,
arduino_mega_pio_fastled_msgeq7,frequency_particles_14,ok,,
arduino_mega_pio_fastled_msgeq7,game_of_life,ok,,
arduino_mega_pio_fastled_msgeq7,glitch_datamosh,ok,,
arduino_mega_pio_fastled_msgeq7,gradient,ok,,
arduino_mega_pio_fastled_msgeq7,gravity_blobs,ok,,
arduino_mega_pio_fastled_msgeq7,hyperspace,ok,,
arduino_mega_pio_fastled_msgeq7,impact_ripples,ok,,
arduino_mega_pio_fastled_msgeq7,juggle,ok,,
arduino_mega_pio_fastled_msgeq7,kaleidoscope,ok,,
arduino_mega_pio_fastled_msgeq7,kick_burst,ok,,
arduino_mega_pio_fastled_msgeq7,lightning,ok,,
arduino_mega_pio_fastled_msgeq7,liquid_metal,ok,,
arduino_mega_pio_fastled_msgeq7,meteor,ok,,
arduino_mega_pio_fastled_msgeq7,msgeq7_reactive_ino,ok,,
arduino_mega_pio_fastled_msgeq7,msgeq7_visualizer_575,ok,,
arduino_mega_pio_fastled_msgeq7,neon_city,ok,,
arduino_mega_pio_fastled_msgeq7,noise,ok,,
arduino_mega_pio_fastled_msgeq7,plasma_lattice,ok,,
arduino_mega_pio_fastled_msgeq7,portal,ok,,
arduino_mega_pio_fastled_msgeq7,pulse,ok,,
arduino_mega_pio_fastled_msgeq7,purpose_autoplay,ok,,
arduino_mega_pio_fastled_msgeq7,purpose_bar,ok,,
arduino_mega_pio_fastled_msgeq7,purpose_meter,ok,,
arduino_mega_pio_fastled_msgeq7,rainbow,ok,,
arduino_mega_pio_fastled_msgeq7,rainbow_wipe,ok,,
arduino_mega_pio_fastled_msgeq7,reaction_diffusion,ok,,
arduino_mega_pio_fastled_msgeq7,ripple,ok,,
arduino_mega_pio_fastled_msgeq7,scanner,ok,,
arduino_mega_pio_fastled_msgeq7,section_morph_palette,ok,,
arduino_mega_pio_fastled_msgeq7,shock_chain,ok,,
arduino_mega_pio_fastled_msgeq7,shooter_game_ino,ok,,
arduino_mega_pio_fastled_msgeq7,sinelon,ok,,
arduino_mega_pio_fastled_msgeq7,snake_game,ok,,
arduino_mega_pio_fastled_msgeq7,snake_game_ino,ok,,
arduino_mega_pio_fastled_msgeq7,snare_spark,ok,,
arduino_mega_pio_fastled_msgeq7,solid,ok,,
arduino_mega_pio_fastled_msgeq7,sparkle,ok,,
arduino_mega_pio_fastled_msgeq7,spectral_dna_helix_14,ok,,
arduino_mega_pio_fastled_msgeq7,spectral_kaleidoscope_audio,ok,,
arduino_mega_pio_fastled_msgeq7,spectral_ripples_14,ok,,
arduino_mega_pio_fastled_msgeq7,spectral_wave,ok,,
arduino_mega_pio_fastled_msgeq7,spectrum_bars_stereo,ok,,
arduino_mega_pio_fastled_msgeq7,starfield,ok,,
arduino_mega_pio_fastled_msgeq7,stereo_call_response,ok,,
arduino_mega_pio_fastled_msgeq7,stereo_dual_vortex,ok,,
arduino_mega_pio_fastled_msgeq7,stereo_energy_field,ok,,
arduino_mega_pio_fastled_msgeq7,strobe,ok,,
arduino_mega_pio_fastled_msgeq7,sweep,ok,,
arduino_mega_pio_fastled_msgeq7,theater_chase,ok,,
arduino_mega_pio_fastled_msgeq7,tunnel,ok,,
arduino_mega_pio_fastled_msgeq7,twinkle,ok,,
arduino_mega_pio_fastled_msgeq7,volumetric_fog,ok,,
arduino_mega_pio_fastled_msgeq7,vortex_particles,ok,,
arduino_mega_pio_fastled_msgeq7,wave,ok,,
arduino_mega_pio_fastled_msgeq7,wipe,ok,,
arduino_uno_fastled_msgeq7,asteroids_game,warn,,Estimated RAM 2560 bytes > limit 2048 bytes. Reduce LEDs/layers or choose a higher-RAM target.
arduino_uno_fastled_msgeq7,asteroids_lite,warn,,Estimated RAM 2560 bytes > limit 2048 bytes. Reduce LEDs/layers or choose a higher-RAM target.
arduino_uno_fastled_msgeq7,audio_meter,warn,,Estimated RAM 2560 bytes > limit 2048 bytes. Reduce LEDs/layers or choose a higher-RAM target.
arduino_uno_fastled_msgeq7,audio_routed_zones,warn,,Estimated RAM 2560 bytes > limit 2048 bytes. Reduce LEDs/layers or choose a higher-RAM target.
arduino_uno_fastled_msgeq7,audio_zone_eq,warn,,Estimated RAM 2560 bytes > limit 2048 bytes. Reduce LEDs/layers or choose a higher-RAM target.
arduino_uno_fastled_msgeq7,aurora,warn,,Estimated RAM 2560 bytes > limit 2048 bytes. Reduce LEDs/layers or choose a higher-RAM target.
arduino_uno_fastled_msgeq7,beat_strobe,warn,,Estimated RAM 2560 bytes > limit 2048 bytes. Reduce LEDs/layers or choose a higher-RAM target.
arduino_uno_fastled_msgeq7,blocks_ball_game_ino,warn,,Estimated RAM 2560 bytes > limit 2048 bytes. Reduce LEDs/layers or choose a higher-RAM target.
arduino_uno_fastled_msgeq7,bouncer,warn,,Estimated RAM 2560 bytes > limit 2048 bytes. Reduce LEDs/layers or choose a higher-RAM target.
arduino_uno_fastled_msgeq7,bpm,warn,,Estimated RAM 2560 bytes > limit 2048 bytes. Reduce LEDs/layers or choose a higher-RAM target.
arduino_uno_fastled_msgeq7,bpm_pulse_train,warn,,Estimated RAM 2560 bytes > limit 2048 bytes. Reduce LEDs/layers or choose a higher-RAM target.
arduino_uno_fastled_msgeq7,breakout_game,warn,,Estimated RAM 2560 bytes > limit 2048 bytes. Reduce LEDs/layers or choose a higher-RAM target.
arduino_uno_fastled_msgeq7,breakout_lite,warn,,Estimated RAM 2560 bytes > limit 2048 bytes. Reduce LEDs/layers or choose a higher-RAM target.
arduino_uno_fastled_msgeq7,call_response,warn,,Estimated RAM 2560 bytes > limit 2048 bytes. Reduce LEDs/layers or choose a higher-RAM target.
arduino_uno_fastled_msgeq7,chase,warn,,Estimated RAM 2560 bytes > limit 2048 bytes. Reduce LEDs/layers or choose a higher-RAM target.
arduino_uno_fastled_msgeq7,color_wipe,warn,,Estimated RAM 2560 bytes > limit 2048 bytes. Reduce LEDs/layers or choose a higher-RAM target.
arduino_uno_fastled_msgeq7,comet_storm,warn,,Estimated RAM 2560 bytes > limit 2048 bytes. Reduce LEDs/layers or choose a higher-RAM target.
arduino_uno_fastled_msgeq7,confetti,warn,,Estimated RAM 2560 bytes > limit 2048 bytes. Reduce LEDs/layers or choose a higher-RAM target.
arduino_uno_fastled_msgeq7,crystal_shards,warn,,Estimated RAM 2560 bytes > limit 2048 bytes. Reduce LEDs/layers or choose a higher-RAM target.
arduino_uno_fastled_msgeq7,cylon,warn,,Estimated RAM 2560 bytes > limit 2048 bytes. Reduce LEDs/layers or choose a higher-RAM target.
arduino_uno_fastled_msgeq7,demo_asteroids,warn,,Estimated RAM 2560 bytes > limit 2048 bytes. Reduce LEDs/layers or choose a higher-RAM target.
arduino_uno_fastled_msgeq7,demo_breakout,warn,,Estimated RAM 2560 bytes > limit 2048 bytes. Reduce LEDs/layers or choose a higher-RAM target.
arduino_uno_fastled_msgeq7,dna_helix,warn,,Estimated RAM 2560 bytes > limit 2048 bytes. Reduce LEDs/layers or choose a higher-RAM target.
arduino_uno_fastled_msgeq7,electric_web,warn,,Estimated RAM 2560 bytes > limit 2048 bytes. Reduce LEDs/layers or choose a higher-RAM target.
arduino_uno_fastled_msgeq7,explosion,warn,,Estimated RAM 2560 bytes > limit 2048 bytes. Reduce LEDs/layers or choose a higher-RAM target.
arduino_uno_fastled_msgeq7,fade,warn,,Estimated RAM 2560 bytes > limit 2048 bytes. Reduce LEDs/layers or choose a higher-RAM target.
arduino_uno_fastled_msgeq7,fire,warn,,Estimated RAM 2560 bytes > limit 2048 bytes. Reduce LEDs/layers or choose a higher-RAM target.
arduino_uno_fastled_msgeq7,fireworks,warn,,Estimated RAM 2560 bytes > limit 2048 bytes. Reduce LEDs/layers or choose a higher-RAM target.
arduino_uno_fastled_msgeq7,force_particles,warn,,Estimated RAM 2560 bytes > limit 2048 bytes. Reduce LEDs/layers or choose a higher-RAM target.
arduino_uno_fastled_msgeq7,fractal_flame,warn,,Estimated RAM 2560 bytes > limit 2048 bytes. Reduce LEDs/layers or choose a higher-RAM target.
arduino_uno_fastled_msgeq7,frequency_particles_14,warn,,Estimated RAM 2560 bytes > limit 2048 bytes. Reduce LEDs/layers or choose a higher-RAM target.
arduino_uno_fastled_msgeq7,game_of_life,warn,,Estimated RAM 2560 bytes > limit 2048 bytes. Reduce LEDs/layers or choose a higher-RAM target.
arduino_uno_fastled_msgeq7,glitch_datamosh,warn,,Estimated RAM 2560 bytes > limit 2048 bytes. Reduce LEDs/layers or choose a higher-RAM target.
arduino_uno_fastled_msgeq7,gradient,warn,,Estimated RAM 2560 bytes > limit 2048 bytes. Reduce LEDs/layers or choose a higher-RAM target.
arduino_uno_fastled_msgeq7,gravity_blobs,warn,,Estimated RAM 2560 bytes > limit 2048 bytes. Reduce LEDs/layers or choose a higher-RAM target.
arduino_uno_fastled_msgeq7,hyperspace,warn,,Estimated RAM 2560 bytes > limit 2048 bytes. Reduce LEDs/layers or choose a higher-RAM target.
arduino_uno_fastled_msgeq7,impact_ripples,warn,,Estimated RAM 2560 bytes > limit 2048 bytes. Reduce LEDs/layers or choose a higher-RAM target.
arduino_uno_fastled_msgeq7,juggle,warn,,Estimated RAM 2560 bytes > limit 2048 bytes. Reduce LEDs/layers or choose a higher-RAM target.
arduino_uno_fastled_msgeq7,kaleidoscope,warn,,Estimated RAM 2560 bytes > limit 2048 bytes. Reduce LEDs/layers or choose a higher-RAM target.
arduino_uno_fastled_msgeq7,kick_burst,warn,,Estimated RAM 2560 bytes > limit 2048 bytes. Reduce LEDs/layers or choose a higher-RAM target.
arduino_uno_fastled_msgeq7,lightning,warn,,Estimated RAM 2560 bytes > limit 2048 bytes. Reduce LEDs/layers or choose a higher-RAM target.
arduino_uno_fastled_msgeq7,liquid_metal,warn,,Estimated RAM 2560 bytes > limit 2048 bytes. Reduce LEDs/layers or choose a higher-RAM target.
arduino_uno_fastled_msgeq7,meteor,warn,,Estimated RAM 2560 bytes > limit 2048 bytes. Reduce LEDs/layers or choose a higher-RAM target.
arduino_uno_fastled_msgeq7,msgeq7_reactive_ino,warn,,Estimated RAM 2560 bytes > limit 2048 bytes. Reduce LEDs/layers or choose a higher-RAM target.
arduino_uno_fastled_msgeq7,msgeq7_visualizer_575,warn,,Estimated RAM 2560 bytes > limit 2048 bytes. Reduce LEDs/layers or choose a higher-RAM target.
arduino_uno_fastled_msgeq7,neon_city,warn,,Estimated RAM 2560 bytes > limit 2048 bytes. Reduce LEDs/layers or choose a higher-RAM target.
arduino_uno_fastled_msgeq7,noise,warn,,Estimated RAM 2560 bytes > limit 2048 bytes. Reduce LEDs/layers or choose a higher-RAM target.
arduino_uno_fastled_msgeq7,plasma_lattice,warn,,Estimated RAM 2560 bytes > limit 2048 bytes. Reduce LEDs/layers or choose a higher-RAM target.
arduino_uno_fastled_msgeq7,portal,warn,,Estimated RAM 2560 bytes > limit 2048 bytes. Reduce LEDs/layers or choose a higher-RAM target.
arduino_uno_fastled_msgeq7,pulse,warn,,Estimated RAM 2560 bytes > limit 2048 bytes. Reduce LEDs/layers or choose a higher-RAM target.
arduino_uno_fastled_msgeq7,purpose_autoplay,warn,,Estimated RAM 2560 bytes > limit 2048 bytes. Reduce LEDs/layers or choose a higher-RAM target.
arduino_uno_fastled_msgeq7,purpose_bar,warn,,Estimated RAM 2560 bytes > limit 2048 bytes. Reduce LEDs/layers or choose a higher-RAM target.
arduino_uno_fastled_msgeq7,purpose_meter,warn,,Estimated RAM 2560 bytes > limit 2048 bytes. Reduce LEDs/layers or choose a higher-RAM target.
arduino_uno_fastled_msgeq7,rainbow,warn,,Estimated RAM 2560 bytes > limit 2048 bytes. Reduce LEDs/layers or choose a higher-RAM target.
arduino_uno_fastled_msgeq7,rainbow_wipe,warn,,Estimated RAM 2560 bytes > limit 2048 bytes. Reduce LEDs/layers or choose a higher-RAM target.
arduino_uno_fastled_msgeq7,reaction_diffusion,warn,,Estimated RAM 2560 bytes > limit 2048 bytes. Reduce LEDs/layers or choose a higher-RAM target.
arduino_uno_fastled_msgeq7,ripple,warn,,Estimated RAM 2560 bytes > limit 2048 bytes. Reduce LEDs/layers or choose a higher-RAM target.
arduino_uno_fastled_msgeq7,scanner,warn,,Estimated RAM 2560 bytes > limit 2048 bytes. Reduce LEDs/layers or choose a higher-RAM target.
arduino_uno_fastled_msgeq7,section_morph_palette,warn,,Estimated RAM 2560 bytes > limit 2048 bytes. Reduce LEDs/layers or choose a higher-RAM target.
arduino_uno_fastled_msgeq7,shock_chain,warn,,Estimated RAM 2560 bytes > limit 2048 bytes. Reduce LEDs/layers or choose a higher-RAM target.
arduino_uno_fastled_msgeq7,shooter_game_ino,warn,,Estimated RAM 2560 bytes > limit 2048 bytes. Reduce LEDs/layers or choose a higher-RAM target.
arduino_uno_fastled_msgeq7,sinelon,warn,,Estimated RAM 2560 bytes > limit 2048 bytes. Reduce LEDs/layers or choose a higher-RAM target.
arduino_uno_fastled_msgeq7,snake_game,warn,,Estimated RAM 2560 bytes > limit 2048 bytes. Reduce LEDs/layers or choose a higher-RAM target.
arduino_uno_fastled_msgeq7,snake_game_ino,warn,,Estimated RAM 2560 bytes > limit 2048 bytes. Reduce LEDs/layers or choose a higher-RAM target.
arduino_uno_fastled_msgeq7,snare_spark,warn,,Estimated RAM 2560 bytes > limit 2048 bytes. Reduce LEDs/layers or choose a higher-RAM target.
arduino_uno_fastled_msgeq7,solid,warn,,Estimated RAM 2560 bytes > limit 2048 bytes. Reduce LEDs/layers or choose a higher-RAM target.
arduino_uno_fastled_msgeq7,sparkle,warn,,Estimated RAM 2560 bytes > limit 2048 bytes. Reduce LEDs/layers or choose a higher-RAM target.
arduino_uno_fastled_msgeq7,spectral_dna_helix_14,warn,,Estimated RAM 2560 bytes > limit 2048 bytes. Reduce LEDs/layers or choose a higher-RAM target.
arduino_uno_fastled_msgeq7,spectral_kaleidoscope_audio,warn,,Estimated RAM 2560 bytes > limit 2048 bytes. Reduce LEDs/layers or choose a higher-RAM target.
arduino_uno_fastled_msgeq7,spectral_ripples_14,warn,,Estimated RAM 2560 bytes > limit 2048 bytes. Reduce LEDs/layers or choose a higher-RAM target.
arduino_uno_fastled_msgeq7,spectral_wave,warn,,Estimated RAM 2560 bytes > limit 2048 bytes. Reduce LEDs/layers or choose a higher-RAM target.
arduino_uno_fastled_msgeq7,spectrum_bars_stereo,warn,,Estimated RAM 2560 bytes > limit 2048 bytes. Reduce LEDs/layers or choose a higher-RAM target.
arduino_uno_fastled_msgeq7,starfield,warn,,Estimated RAM 2560 bytes > limit 2048 bytes. Reduce LEDs/layers or choose a higher-RAM target.
arduino_uno_fastled_msgeq7,stereo_call_response,warn,,Estimated RAM 2560 bytes > limit 2048 bytes. Reduce LEDs/layers or choose a higher-RAM target.
arduino_uno_fastled_msgeq7,stereo_dual_vortex,warn,,Estimated RAM 2560 bytes > limit 2048 bytes. Reduce LEDs/layers or choose a higher-RAM target.
arduino_uno_fastled_msgeq7,stereo_energy_field,warn,,Estimated RAM 2560 bytes > limit 2048 bytes. Reduce LEDs/layers or choose a higher-RAM target.
arduino_uno_fastled_msgeq7,strobe,warn,,Estimated RAM 2560 bytes > limit 2048 bytes. Reduce LEDs/layers or choose a higher-RAM target.
arduino_uno_fastled_msgeq7,sweep,warn,,Estimated RAM 2560 bytes > limit 2048 bytes. Reduce LEDs/layers or choose a higher-RAM target.
arduino_uno_fastled_msgeq7,theater_chase,warn,,Estimated RAM 2560 bytes > limit 2048 bytes. Reduce LEDs/layers or choose a higher-RAM target.
arduino_uno_fastled_msgeq7,tunnel,warn,,Estimated RAM 2560 bytes > limit 2048 bytes. Reduce LEDs/layers or choose a higher-RAM target.
arduino_uno_fastled_msgeq7,twinkle,warn,,Estimated RAM 2560 bytes > limit 2048 bytes. Reduce LEDs/layers or choose a higher-RAM target.
arduino_uno_fastled_msgeq7,volumetric_fog,warn,,Estimated RAM 2560 bytes > limit 2048 bytes. Reduce LEDs/layers or choose a higher-RAM target.
arduino_uno_fastled_msgeq7,vortex_particles,warn,,Estimated RAM 2560 bytes > limit 2048 bytes. Reduce LEDs/layers or choose a higher-RAM target.
arduino_uno_fastled_msgeq7,wave,warn,,Estimated RAM 2560 bytes > limit 2048 bytes. Reduce LEDs/layers or choose a higher-RAM target.
arduino_uno_fastled_msgeq7,wipe,warn,,Estimated RAM 2560 bytes > limit 2048 bytes. Reduce LEDs/layers or choose a higher-RAM target.
arduino_uno_pio_fastled_msgeq7,asteroids_game,warn,,Estimated RAM 2560 bytes > limit 2048 bytes. Reduce LEDs/layers or choose a higher-RAM target.
arduino_uno_pio_fastled_msgeq7,asteroids_lite,warn,,Estimated RAM 2560 bytes > limit 2048 bytes. Reduce LEDs/layers or choose a higher-RAM target.
arduino_uno_pio_fastled_msgeq7,audio_meter,warn,,Estimated RAM 2560 bytes > limit 2048 bytes. Reduce LEDs/layers or choose a higher-RAM target.
arduino_uno_pio_fastled_msgeq7,audio_routed_zones,warn,,Estimated RAM 2560 bytes > limit 2048 bytes. Reduce LEDs/layers or choose a higher-RAM target.
arduino_uno_pio_fastled_msgeq7,audio_zone_eq,warn,,Estimated RAM 2560 bytes > limit 2048 bytes. Reduce LEDs/layers or choose a higher-RAM target.
arduino_uno_pio_fastled_msgeq7,aurora,warn,,Estimated RAM 2560 bytes > limit 2048 bytes. Reduce LEDs/layers or choose a higher-RAM target.
arduino_uno_pio_fastled_msgeq7,beat_strobe,warn,,Estimated RAM 2560 bytes > limit 2048 bytes. Reduce LEDs/layers or choose a higher-RAM target.
arduino_uno_pio_fastled_msgeq7,blocks_ball_game_ino,warn,,Estimated RAM 2560 bytes > limit 2048 bytes. Reduce LEDs/layers or choose a higher-RAM target.
arduino_uno_pio_fastled_msgeq7,bouncer,warn,,Estimated RAM 2560 bytes > limit 2048 bytes. Reduce LEDs/layers or choose a higher-RAM target.
arduino_uno_pio_fastled_msgeq7,bpm,warn,,Estimated RAM 2560 bytes > limit 2048 bytes. Reduce LEDs/layers or choose a higher-RAM target.
arduino_uno_pio_fastled_msgeq7,bpm_pulse_train,warn,,Estimated RAM 2560 bytes > limit 2048 bytes. Reduce LEDs/layers or choose a higher-RAM target.
arduino_uno_pio_fastled_msgeq7,breakout_game,warn,,Estimated RAM 2560 bytes > limit 2048 bytes. Reduce LEDs/layers or choose a higher-RAM target.
arduino_uno_pio_fastled_msgeq7,breakout_lite,warn,,Estimated RAM 2560 bytes > limit 2048 bytes. Reduce LEDs/layers or choose a higher-RAM target.
arduino_uno_pio_fastled_msgeq7,call_response,warn,,Estimated RAM 2560 bytes > limit 2048 bytes. Reduce LEDs/layers or choose a higher-RAM target.
arduino_uno_pio_fastled_msgeq7,chase,warn,,Estimated RAM 2560 bytes > limit 2048 bytes. Reduce LEDs/layers or choose a higher-RAM target.
arduino_uno_pio_fastled_msgeq7,color_wipe,warn,,Estimated RAM 2560 bytes > limit 2048 bytes. Reduce LEDs/layers or choose a higher-RAM target.
arduino_uno_pio_fastled_msgeq7,comet_storm,warn,,Estimated RAM 2560 bytes > limit 2048 bytes. Reduce LEDs/layers or choose a higher-RAM target.
arduino_uno_pio_fastled_msgeq7,confetti,warn,,Estimated RAM 2560 bytes > limit 2048 bytes. Reduce LEDs/layers or choose a higher-RAM target.
arduino_uno_pio_fastled_msgeq7,crystal_shards,warn,,Estimated RAM 2560 bytes > limit 2048 bytes. Reduce LEDs/layers or choose a higher-RAM target.
arduino_uno_pio_fastled_msgeq7,cylon,warn,,Estimated RAM 2560 bytes > limit 2048 bytes. Reduce LEDs/layers or choose a higher-RAM target.
arduino_uno_pio_fastled_msgeq7,demo_asteroids,warn,,Estimated RAM 2560 bytes > limit 2048 bytes. Reduce LEDs/layers or choose a higher-RAM target.
arduino_uno_pio_fastled_msgeq7,demo_breakout,warn,,Estimated RAM 2560 bytes > limit 2048 bytes. Reduce LEDs/layers or choose a higher-RAM target.
arduino_uno_pio_fastled_msgeq7,dna_helix,warn,,Estimated RAM 2560 bytes > limit 2048 bytes. Reduce LEDs/layers or choose a higher-RAM target.
arduino_uno_pio_fastled_msgeq7,electric_web,warn,,Estimated RAM 2560 bytes > limit 2048 bytes. Reduce LEDs/layers or choose a higher-RAM target.
arduino_uno_pio_fastled_msgeq7,explosion,warn,,Estimated RAM 2560 bytes > limit 2048 bytes. Reduce LEDs/layers or choose a higher-RAM target.
arduino_uno_pio_fastled_msgeq7,fade,warn,,Estimated RAM 2560 bytes > limit 2048 bytes. Reduce LEDs/layers or choose a higher-RAM target.
arduino_uno_pio_fastled_msgeq7,fire,warn,,Estimated RAM 2560 bytes > limit 2048 bytes. Reduce LEDs/layers or choose a higher-RAM target.
arduino_uno_pio_fastled_msgeq7,fireworks,warn,,Estimated RAM 2560 bytes > limit 2048 bytes. Reduce LEDs/layers or choose a higher-RAM target.
arduino_uno_pio_fastled_msgeq7,force_particles,warn,,Estimated RAM 2560 bytes > limit 2048 bytes. Reduce LEDs/layers or choose a higher-RAM target.
arduino_uno_pio_fastled_msgeq7,fractal_flame,warn,,Estimated RAM 2560 bytes > limit 2048 bytes. Reduce LEDs/layers or choose a higher-RAM target.
arduino_uno_pio_fastled_msgeq7,frequency_particles_14,warn,,Estimated RAM 2560 bytes > limit 2048 bytes. Reduce LEDs/layers or choose a higher-RAM target.
arduino_uno_pio_fastled_msgeq7,game_of_life,warn,,Estimated RAM 2560 bytes > limit 2048 bytes. Reduce LEDs/layers or choose a higher-RAM target.
arduino_uno_pio_fastled_msgeq7,glitch_datamosh,warn,,Estimated RAM 2560 bytes > limit 2048 bytes. Reduce LEDs/layers or choose a higher-RAM target.
arduino_uno_pio_fastled_msgeq7,gradient,warn,,Estimated RAM 2560 bytes > limit 2048 bytes. Reduce LEDs/layers or choose a higher-RAM target.
arduino_uno_pio_fastled_msgeq7,gravity_blobs,warn,,Estimated RAM 2560 bytes > limit 2048 bytes. Reduce LEDs/layers or choose a higher-RAM target.
arduino_uno_pio_fastled_msgeq7,hyperspace,warn,,Estimated RAM 2560 bytes > limit 2048 bytes. Reduce LEDs/layers or choose a higher-RAM target.
arduino_uno_pio_fastled_msgeq7,impact_ripples,warn,,Estimated RAM 2560 bytes > limit 2048 bytes. Reduce LEDs/layers or choose a higher-RAM target.
arduino_uno_pio_fastled_msgeq7,juggle,warn,,Estimated RAM 2560 bytes > limit 2048 bytes. Reduce LEDs/layers or choose a higher-RAM target.
arduino_uno_pio_fastled_msgeq7,kaleidoscope,warn,,Estimated RAM 2560 bytes > limit 2048 bytes. Reduce LEDs/layers or choose a higher-RAM target.
arduino_uno_pio_fastled_msgeq7,kick_burst,warn,,Estimated RAM 2560 bytes > limit 2048 bytes. Reduce LEDs/layers or choose a higher-RAM target.
arduino_uno_pio_fastled_msgeq7,lightning,warn,,Estimated RAM 2560 bytes > limit 2048 bytes. Reduce LEDs/layers or choose a higher-RAM target.
arduino_uno_pio_fastled_msgeq7,liquid_metal,warn,,Estimated RAM 2560 bytes > limit 2048 bytes. Reduce LEDs/layers or choose a higher-RAM target.
arduino_uno_pio_fastled_msgeq7,meteor,warn,,Estimated RAM 2560 bytes > limit 2048 bytes. Reduce LEDs/layers or choose a higher-RAM target.
arduino_uno_pio_fastled_msgeq7,msgeq7_reactive_ino,warn,,Estimated RAM 2560 bytes > limit 2048 bytes. Reduce LEDs/layers or choose a higher-RAM target.
arduino_uno_pio_fastled_msgeq7,msgeq7_visualizer_575,warn,,Estimated RAM 2560 bytes > limit 2048 bytes. Reduce LEDs/layers or choose a higher-RAM target.
arduino_uno_pio_fastled_msgeq7,neon_city,warn,,Estimated RAM 2560 bytes > limit 2048 bytes. Reduce LEDs/layers or choose a higher-RAM target.
arduino_uno_pio_fastled_msgeq7,noise,warn,,Estimated RAM 2560 bytes > limit 2048 bytes. Reduce LEDs/layers or choose a higher-RAM target.
arduino_uno_pio_fastled_msgeq7,plasma_lattice,warn,,Estimated RAM 2560 bytes > limit 2048 bytes. Reduce LEDs/layers or choose a higher-RAM target.
arduino_uno_pio_fastled_msgeq7,portal,warn,,Estimated RAM 2560 bytes > limit 2048 bytes. Reduce LEDs/layers or choose a higher-RAM target.
arduino_uno_pio_fastled_msgeq7,pulse,warn,,Estimated RAM 2560 bytes > limit 2048 bytes. Reduce LEDs/layers or choose a higher-RAM target.
arduino_uno_pio_fastled_msgeq7,purpose_autoplay,warn,,Estimated RAM 2560 bytes > limit 2048 bytes. Reduce LEDs/layers or choose a higher-RAM target.
arduino_uno_pio_fastled_msgeq7,purpose_bar,warn,,Estimated RAM 2560 bytes > limit 2048 bytes. Reduce LEDs/layers or choose a higher-RAM target.
arduino_uno_pio_fastled_msgeq7,purpose_meter,warn,,Estimated RAM 2560 bytes > limit 2048 bytes. Reduce LEDs/layers or choose a higher-RAM target.
arduino_uno_pio_fastled_msgeq7,rainbow,warn,,Estimated RAM 2560 bytes > limit 2048 bytes. Reduce LEDs/layers or choose a higher-RAM target.
arduino_uno_pio_fastled_msgeq7,rainbow_wipe,warn,,Estimated RAM 2560 bytes > limit 2048 bytes. Reduce LEDs/layers or choose a higher-RAM target.
arduino_uno_pio_fastled_msgeq7,reaction_diffusion,warn,,Estimated RAM 2560 bytes > limit 2048 bytes. Reduce LEDs/layers or choose a higher-RAM target.
arduino_uno_pio_fastled_msgeq7,ripple,warn,,Estimated RAM 2560 bytes > limit 2048 bytes. Reduce LEDs/layers or choose a higher-RAM target.
arduino_uno_pio_fastled_msgeq7,scanner,warn,,Estimated RAM 2560 bytes > limit 2048 bytes. Reduce LEDs/layers or choose a higher-RAM target.
arduino_uno_pio_fastled_msgeq7,section_morph_palette,warn,,Estimated RAM 2560 bytes > limit 2048 bytes. Reduce LEDs/layers or choose a higher-RAM target.
arduino_uno_pio_fastled_msgeq7,shock_chain,warn,,Estimated RAM 2560 bytes > limit 2048 bytes. Reduce LEDs/layers or choose a higher-RAM target.
arduino_uno_pio_fastled_msgeq7,shooter_game_ino,warn,,Estimated RAM 2560 bytes > limit 2048 bytes. Reduce LEDs/layers or choose a higher-RAM target.
arduino_uno_pio_fastled_msgeq7,sinelon,warn,,Estimated RAM 2560 bytes > limit 2048 bytes. Reduce LEDs/layers or choose a higher-RAM target.
arduino_uno_pio_fastled_msgeq7,snake_game,warn,,Estimated RAM 2560 bytes > limit 2048 bytes. Reduce LEDs/layers or choose a higher-RAM target.
arduino_uno_pio_fastled_msgeq7,snake_game_ino,warn,,Estimated RAM 2560 bytes > limit 2048 bytes. Reduce LEDs/layers or choose a higher-RAM target.
arduino_uno_pio_fastled_msgeq7,snare_spark,warn,,Estimated RAM 2560 bytes > limit 2048 bytes. Reduce LEDs/layers or choose a higher-RAM target.
arduino_uno_pio_fastled_msgeq7,solid,warn,,Estimated RAM 2560 bytes > limit 2048 bytes. Reduce LEDs/layers or choose a higher-RAM target.
arduino_uno_pio_fastled_msgeq7,sparkle,warn,,Estimated RAM 2560 bytes > limit 2048 bytes. Reduce LEDs/layers or choose a higher-RAM target.
arduino_uno_pio_fastled_msgeq7,spectral_dna_helix_14,warn,,Estimated RAM 2560 bytes > limit 2048 bytes. Reduce LEDs/layers or choose a higher-RAM target.
arduino_uno_pio_fastled_msgeq7,spectral_kaleidoscope_audio,warn,,Estimated RAM 2560 bytes > limit 2048 bytes. Reduce LEDs/layers or choose a higher-RAM target.
arduino_uno_pio_fastled_msgeq7,spectral_ripples_14,warn,,Estimated RAM 2560 bytes > limit 2048 bytes. Reduce LEDs/layers or choose a higher-RAM target.
arduino_uno_pio_fastled_msgeq7,spectral_wave,warn,,Estimated RAM 2560 bytes > limit 2048 bytes. Reduce LEDs/layers or choose a higher-RAM target.
arduino_uno_pio_fastled_msgeq7,spectrum_bars_stereo,warn,,Estimated RAM 2560 bytes > limit 2048 bytes. Reduce LEDs/layers or choose a higher-RAM target.
arduino_uno_pio_fastled_msgeq7,starfield,warn,,Estimated RAM 2560 bytes > limit 2048 bytes. Reduce LEDs/layers or choose a higher-RAM target.
arduino_uno_pio_fastled_msgeq7,stereo_call_response,warn,,Estimated RAM 2560 bytes > limit 2048 bytes. Reduce LEDs/layers or choose a higher-RAM target.
arduino_uno_pio_fastled_msgeq7,stereo_dual_vortex,warn,,Estimated RAM 2560 bytes > limit 2048 bytes. Reduce LEDs/layers or choose a higher-RAM target.
arduino_uno_pio_fastled_msgeq7,stereo_energy_field,warn,,Estimated RAM 2560 bytes > limit 2048 bytes. Reduce LEDs/layers or choose a higher-RAM target.
arduino_uno_pio_fastled_msgeq7,strobe,warn,,Estimated RAM 2560 bytes > limit 2048 bytes. Reduce LEDs/layers or choose a higher-RAM target.
arduino_uno_pio_fastled_msgeq7,sweep,warn,,Estimated RAM 2560 bytes > limit 2048 bytes. Reduce LEDs/layers or choose a higher-RAM target.
arduino_uno_pio_fastled_msgeq7,theater_chase,warn,,Estimated RAM 2560 bytes > limit 2048 bytes. Reduce LEDs/layers or choose a higher-RAM target.
arduino_uno_pio_fastled_msgeq7,tunnel,warn,,Estimated RAM 2560 bytes > limit 2048 bytes. Reduce LEDs/layers or choose a higher-RAM target.
arduino_uno_pio_fastled_msgeq7,twinkle,warn,,Estimated RAM 2560 bytes > limit 2048 bytes. Reduce LEDs/layers or choose a higher-RAM target.
arduino_uno_pio_fastled_msgeq7,volumetric_fog,warn,,Estimated RAM 2560 bytes > limit 2048 bytes. Reduce LEDs/layers or choose a higher-RAM target.
arduino_uno_pio_fastled_msgeq7,vortex_particles,warn,,Estimated RAM 2560 bytes > limit 2048 bytes. Reduce LEDs/layers or choose a higher-RAM target.
arduino_uno_pio_fastled_msgeq7,wave,warn,,Estimated RAM 2560 bytes > limit 2048 bytes. Reduce LEDs/layers or choose a higher-RAM target.
arduino_uno_pio_fastled_msgeq7,wipe,warn,,Estimated RAM 2560 bytes > limit 2048 bytes. Reduce LEDs/layers or choose a higher-RAM target.
esp32_neopixelbus_msgeq7,asteroids_game,ok,,
esp32_neopixelbus_msgeq7,asteroids_lite,ok,,
esp32_neopixelbus_msgeq7,audio_meter,ok,,
esp32_neopixelbus_msgeq7,audio_routed_zones,ok,,
esp32_neopixelbus_msgeq7,audio_zone_eq,ok,,
esp32_neopixelbus_msgeq7,aurora,ok,,
esp32_neopixelbus_msgeq7,beat_strobe,ok,,
esp32_neopixelbus_msgeq7,blocks_ball_game_ino,ok,,
esp32_neopixelbus_msgeq7,bouncer,ok,,
esp32_neopixelbus_msgeq7,bpm,ok,,
esp32_neopixelbus_msgeq7,bpm_pulse_train,ok,,
esp32_neopixelbus_msgeq7,breakout_game,ok,,
esp32_neopixelbus_msgeq7,breakout_lite,ok,,
esp32_neopixelbus_msgeq7,call_response,ok,,
esp32_neopixelbus_msgeq7,chase,ok,,
esp32_neopixelbus_msgeq7,color_wipe,ok,,
esp32_neopixelbus_msgeq7,comet_storm,ok,,
esp32_neopixelbus_msgeq7,confetti,ok,,
esp32_neopixelbus_msgeq7,crystal_shards,ok,,
esp32_neopixelbus_msgeq7,cylon,ok,,
esp32_neopixelbus_msgeq7,demo_asteroids,ok,,
esp32_neopixelbus_msgeq7,demo_breakout,ok,,
esp32_neopixelbus_msgeq7,dna_helix,ok,,
esp32_neopixelbus_msgeq7,electric_web,ok,,
esp32_neopixelbus_msgeq7,explosion,ok,,
esp32_neopixelbus_msgeq7,fade,ok,,
esp32_neopixelbus_msgeq7,fire,ok,,
esp32_neopixelbus_msgeq7,fireworks,ok,,
esp32_neopixelbus_msgeq7,force_particles,ok,,
esp32_neopixelbus_msgeq7,fractal_flame,ok,,
esp32_neopixelbus_msgeq7,frequency_particles_14,ok,,
esp32_neopixelbus_msgeq7,game_of_life,ok,,
esp32_neopixelbus_msgeq7,glitch_datamosh,ok,,
esp32_neopixelbus_msgeq7,gradient,ok,,
esp32_neopixelbus_msgeq7,gravity_blobs,ok,,
esp32_neopixelbus_msgeq7,hyperspace,ok,,
esp32_neopixelbus_msgeq7,impact_ripples,ok,,
esp32_neopixelbus_msgeq7,juggle,ok,,
esp32_neopixelbus_msgeq7,kaleidoscope,ok,,
esp32_neopixelbus_msgeq7,kick_burst,ok,,
esp32_neopixelbus_msgeq7,lightning,ok,,
esp32_neopixelbus_msgeq7,liquid_metal,ok,,
esp32_neopixelbus_msgeq7,meteor,ok,,
esp32_neopixelbus_msgeq7,msgeq7_reactive_ino,ok,,
esp32_neopixelbus_msgeq7,msgeq7_visualizer_575,ok,,
esp32_neopixelbus_msgeq7,neon_city,ok,,
esp32_neopixelbus_msgeq7,noise,ok,,
esp32_neopixelbus_msgeq7,plasma_lattice,ok,,
esp32_neopixelbus_msgeq7,portal,ok,,
esp32_neopixelbus_msgeq7,pulse,ok,,
esp32_neopixelbus_msgeq7,purpose_autoplay,ok,,
esp32_neopixelbus_msgeq7,purpose_bar,ok,,
esp32_neopixelbus_msgeq7,purpose_meter,ok,,
esp32_neopixelbus_msgeq7,rainbow,ok,,
esp32_neopixelbus_msgeq7,rainbow_wipe,ok,,
esp32_neopixelbus_msgeq7,reaction_diffusion,ok,,
esp32_neopixelbus_msgeq7,ripple,ok,,
esp32_neopixelbus_msgeq7,scanner,ok,,
esp32_neopixelbus_msgeq7,section_morph_palette,ok,,
esp32_neopixelbus_msgeq7,shock_chain,ok,,
esp32_neopixelbus_msgeq7,shooter_game_ino,ok,,
esp32_neopixelbus_msgeq7,sinelon,ok,,
esp32_neopixelbus_msgeq7,snake_game,ok,,
esp32_neopixelbus_msgeq7,snake_game_ino,ok,,
esp32_neopixelbus_msgeq7,snare_spark,ok,,
esp32_neopixelbus_msgeq7,solid,ok,,
esp32_neopixelbus_msgeq7,sparkle,ok,,
esp32_neopixelbus_msgeq7,spectral_dna_helix_14,ok,,
esp32_neopixelbus_msgeq7,spectral_kaleidoscope_audio,ok,,
esp32_neopixelbus_msgeq7,spectral_ripples_14,ok,,
esp32_neopixelbus_msgeq7,spectral_wave,ok,,
esp32_neopixelbus_msgeq7,spectrum_bars_stereo,ok,,
esp32_neopixelbus_msgeq7,starfield,ok,,
esp32_neopixelbus_msgeq7,stereo_call_response,ok,,
esp32_neopixelbus_msgeq7,stereo_dual_vortex,ok,,
esp32_neopixelbus_msgeq7,stereo_energy_field,ok,,
esp32_neopixelbus_msgeq7,strobe,ok,,
esp32_neopixelbus_msgeq7,sweep,ok,,
esp32_neopixelbus_msgeq7,theater_chase,ok,,
esp32_neopixelbus_msgeq7,tunnel,ok,,
esp32_neopixelbus_msgeq7,twinkle,ok,,
esp32_neopixelbus_msgeq7,volumetric_fog,ok,,
esp32_neopixelbus_msgeq7,vortex_particles,ok,,
esp32_neopixelbus_msgeq7,wave,ok,,
esp32_neopixelbus_msgeq7,wipe,ok,,
esp32_fastled_msgeq7,asteroids_game,ok,,
esp32_fastled_msgeq7,asteroids_lite,ok,,
esp32_fastled_msgeq7,audio_meter,ok,,
esp32_fastled_msgeq7,audio_routed_zones,ok,,
esp32_fastled_msgeq7,audio_zone_eq,ok,,
esp32_fastled_msgeq7,aurora,ok,,
esp32_fastled_msgeq7,beat_strobe,ok,,
esp32_fastled_msgeq7,blocks_ball_game_ino,ok,,
esp32_fastled_msgeq7,bouncer,ok,,
esp32_fastled_msgeq7,bpm,ok,,
esp32_fastled_msgeq7,bpm_pulse_train,ok,,
esp32_fastled_msgeq7,breakout_game,ok,,
esp32_fastled_msgeq7,breakout_lite,ok,,
esp32_fastled_msgeq7,call_response,ok,,
esp32_fastled_msgeq7,chase,ok,,
esp32_fastled_msgeq7,color_wipe,ok,,
esp32_fastled_msgeq7,comet_storm,ok,,
esp32_fastled_msgeq7,confetti,ok,,
esp32_fastled_msgeq7,crystal_shards,ok,,
esp32_fastled_msgeq7,cylon,ok,,
esp32_fastled_msgeq7,demo_asteroids,ok,,
esp32_fastled_msgeq7,demo_breakout,ok,,
esp32_fastled_msgeq7,dna_helix,ok,,
esp32_fastled_msgeq7,electric_web,ok,,
esp32_fastled_msgeq7,explosion,ok,,
esp32_fastled_msgeq7,fade,ok,,
esp32_fastled_msgeq7,fire,ok,,
esp32_fastled_msgeq7,fireworks,ok,,
esp32_fastled_msgeq7,force_particles,ok,,
esp32_fastled_msgeq7,fractal_flame,ok,,
esp32_fastled_msgeq7,frequency_particles_14,ok,,
esp32_fastled_msgeq7,game_of_life,ok,,
esp32_fastled_msgeq7,glitch_datamosh,ok,,
esp32_fastled_msgeq7,gradient,ok,,
esp32_fastled_msgeq7,gravity_blobs,ok,,
esp32_fastled_msgeq7,hyperspace,ok,,
esp32_fastled_msgeq7,impact_ripples,ok,,
esp32_fastled_msgeq7,juggle,ok,,
esp32_fastled_msgeq7,kaleidoscope,ok,,
esp32_fastled_msgeq7,kick_burst,ok,,
esp32_fastled_msgeq7,lightning,ok,,
esp32_fastled_msgeq7,liquid_metal,ok,,
esp32_fastled_msgeq7,meteor,ok,,
esp32_fastled_msgeq7,msgeq7_reactive_ino,ok,,
esp32_fastled_msgeq7,msgeq7_visualizer_575,ok,,
esp32_fastled_msgeq7,neon_city,ok,,
esp32_fastled_msgeq7,noise,ok,,
esp32_fastled_msgeq7,plasma_lattice,ok,,
esp32_fastled_msgeq7,portal,ok,,
esp32_fastled_msgeq7,pulse,ok,,
esp32_fastled_msgeq7,purpose_autoplay,ok,,
esp32_fastled_msgeq7,purpose_bar,ok,,
esp32_fastled_msgeq7,purpose_meter,ok,,
esp32_fastled_msgeq7,rainbow,ok,,
esp32_fastled_msgeq7,rainbow_wipe,ok,,
esp32_fastled_msgeq7,reaction_diffusion,ok,,
esp32_fastled_msgeq7,ripple,ok,,
esp32_fastled_msgeq7,scanner,ok,,
esp32_fastled_msgeq7,section_morph_palette,ok,,
esp32_fastled_msgeq7,shock_chain,ok,,
esp32_fastled_msgeq7,shooter_game_ino,ok,,
esp32_fastled_msgeq7,sinelon,ok,,
esp32_fastled_msgeq7,snake_game,ok,,
esp32_fastled_msgeq7,snake_game_ino,ok,,
esp32_fastled_msgeq7,snare_spark,ok,,
esp32_fastled_msgeq7,solid,ok,,
esp32_fastled_msgeq7,sparkle,ok,,
esp32_fastled_msgeq7,spectral_dna_helix_14,ok,,
esp32_fastled_msgeq7,spectral_kaleidoscope_audio,ok,,
esp32_fastled_msgeq7,spectral_ripples_14,ok,,
esp32_fastled_msgeq7,spectral_wave,ok,,
esp32_fastled_msgeq7,spectrum_bars_stereo,ok,,
esp32_fastled_msgeq7,starfield,ok,,
esp32_fastled_msgeq7,stereo_call_response,ok,,
esp32_fastled_msgeq7,stereo_dual_vortex,ok,,
esp32_fastled_msgeq7,stereo_energy_field,ok,,
esp32_fastled_msgeq7,strobe,ok,,
esp32_fastled_msgeq7,sweep,ok,,
esp32_fastled_msgeq7,theater_chase,ok,,
esp32_fastled_msgeq7,tunnel,ok,,
esp32_fastled_msgeq7,twinkle,ok,,
esp32_fastled_msgeq7,volumetric_fog,ok,,
esp32_fastled_msgeq7,vortex_particles,ok,,
esp32_fastled_msgeq7,wave,ok,,
esp32_fastled_msgeq7,wipe,ok,,
esp32_hub75_i2sdma_msgeq7,asteroids_game,ok,,
esp32_hub75_i2sdma_msgeq7,asteroids_lite,ok,,
esp32_hub75_i2sdma_msgeq7,audio_meter,ok,,
esp32_hub75_i2sdma_msgeq7,audio_routed_zones,ok,,
esp32_hub75_i2sdma_msgeq7,audio_zone_eq,ok,,
esp32_hub75_i2sdma_msgeq7,aurora,ok,,
esp32_hub75_i2sdma_msgeq7,beat_strobe,ok,,
esp32_hub75_i2sdma_msgeq7,blocks_ball_game_ino,ok,,
esp32_hub75_i2sdma_msgeq7,bouncer,ok,,
esp32_hub75_i2sdma_msgeq7,bpm,ok,,
esp32_hub75_i2sdma_msgeq7,bpm_pulse_train,ok,,
esp32_hub75_i2sdma_msgeq7,breakout_game,ok,,
esp32_hub75_i2sdma_msgeq7,breakout_lite,ok,,
esp32_hub75_i2sdma_msgeq7,call_response,ok,,
esp32_hub75_i2sdma_msgeq7,chase,ok,,
esp32_hub75_i2sdma_msgeq7,color_wipe,ok,,
esp32_hub75_i2sdma_msgeq7,comet_storm,ok,,
esp32_hub75_i2sdma_msgeq7,confetti,ok,,
esp32_hub75_i2sdma_msgeq7,crystal_shards,ok,,
esp32_hub75_i2sdma_msgeq7,cylon,ok,,
esp32_hub75_i2sdma_msgeq7,demo_asteroids,ok,,
esp32_hub75_i2sdma_msgeq7,demo_breakout,ok,,
esp32_hub75_i2sdma_msgeq7,dna_helix,ok,,
esp32_hub75_i2sdma_msgeq7,electric_web,ok,,
esp32_hub75_i2sdma_msgeq7,explosion,ok,,
esp32_hub75_i2sdma_msgeq7,fade,ok,,
esp32_hub75_i2sdma_msgeq7,fire,ok,,
esp32_hub75_i2sdma_msgeq7,fireworks,ok,,
esp32_hub75_i2sdma_msgeq7,force_particles,ok,,
esp32_hub75_i2sdma_msgeq7,fractal_flame,ok,,
esp32_hub75_i2sdma_msgeq7,frequency_particles_14,ok,,
esp32_hub75_i2sdma_msgeq7,game_of_life,ok,,
esp32_hub75_i2sdma_msgeq7,glitch_datamosh,ok,,
esp32_hub75_i2sdma_msgeq7,gradient,ok,,
esp32_hub75_i2sdma_msgeq7,gravity_blobs,ok,,
esp32_hub75_i2sdma_msgeq7,hyperspace,ok,,
esp32_hub75_i2sdma_msgeq7,impact_ripples,ok,,
esp32_hub75_i2sdma_msgeq7,juggle,ok,,
esp32_hub75_i2sdma_msgeq7,kaleidoscope,ok,,
esp32_hub75_i2sdma_msgeq7,kick_burst,ok,,
esp32_hub75_i2sdma_msgeq7,lightning,ok,,
esp32_hub75_i2sdma_msgeq7,liquid_metal,ok,,
esp32_hub75_i2sdma_msgeq7,meteor,ok,,
esp32_hub75_i2sdma_msgeq7,msgeq7_reactive_ino,ok,,
esp32_hub75_i2sdma_msgeq7,msgeq7_visualizer_575,ok,,
esp32_hub75_i2sdma_msgeq7,neon_city,ok,,
esp32_hub75_i2sdma_msgeq7,noise,ok,,
esp32_hub75_i2sdma_msgeq7,plasma_lattice,ok,,
esp32_hub75_i2sdma_msgeq7,portal,ok,,
esp32_hub75_i2sdma_msgeq7,pulse,ok,,
esp32_hub75_i2sdma_msgeq7,purpose_autoplay,ok,,
esp32_hub75_i2sdma_msgeq7,purpose_bar,ok,,
esp32_hub75_i2sdma_msgeq7,purpose_meter,ok,,
esp32_hub75_i2sdma_msgeq7,rainbow,ok,,
esp32_hub75_i2sdma_msgeq7,rainbow_wipe,ok,,
esp32_hub75_i2sdma_msgeq7,reaction_diffusion,ok,,
esp32_hub75_i2sdma_msgeq7,ripple,ok,,
esp32_hub75_i2sdma_msgeq7,scanner,ok,,
esp32_hub75_i2sdma_msgeq7,section_morph_palette,ok,,
esp32_hub75_i2sdma_msgeq7,shock_chain,ok,,
esp32_hub75_i2sdma_msgeq7,shooter_game_ino,ok,,
esp32_hub75_i2sdma_msgeq7,sinelon,ok,,
esp32_hub75_i2sdma_msgeq7,snake_game,ok,,
esp32_hub75_i2sdma_msgeq7,snake_game_ino,ok,,
esp32_hub75_i2sdma_msgeq7,snare_spark,ok,,
esp32_hub75_i2sdma_msgeq7,solid,ok,,
esp32_hub75_i2sdma_msgeq7,sparkle,ok,,
esp32_hub75_i2sdma_msgeq7,spectral_dna_helix_14,ok,,
esp32_hub75_i2sdma_msgeq7,spectral_kaleidoscope_audio,ok,,
esp32_hub75_i2sdma_msgeq7,spectral_ripples_14,ok,,
esp32_hub75_i2sdma_msgeq7,spectral_wave,ok,,
esp32_hub75_i2sdma_msgeq7,spectrum_bars_stereo,ok,,
esp32_hub75_i2sdma_msgeq7,starfield,ok,,
esp32_hub75_i2sdma_msgeq7,stereo_call_response,ok,,
esp32_hub75_i2sdma_msgeq7,stereo_dual_vortex,ok,,
esp32_hub75_i2sdma_msgeq7,stereo_energy_field,ok,,
esp32_hub75_i2sdma_msgeq7,strobe,ok,,
esp32_hub75_i2sdma_msgeq7,sweep,ok,,
esp32_hub75_i2sdma_msgeq7,theater_chase,ok,,
esp32_hub75_i2sdma_msgeq7,tunnel,ok,,
esp32_hub75_i2sdma_msgeq7,twinkle,ok,,
esp32_hub75_i2sdma_msgeq7,volumetric_fog,ok,,
esp32_hub75_i2sdma_msgeq7,vortex_particles,ok,,
esp32_hub75_i2sdma_msgeq7,wave,ok,,
esp32_hub75_i2sdma_msgeq7,wipe,ok,,
esp32_hub75_i2sdma_noneaudio,asteroids_game,ok,,
esp32_hub75_i2sdma_noneaudio,asteroids_lite,ok,,
esp32_hub75_i2sdma_noneaudio,audio_meter,ok,,
esp32_hub75_i2sdma_noneaudio,audio_routed_zones,ok,,
esp32_hub75_i2sdma_noneaudio,audio_zone_eq,ok,,
esp32_hub75_i2sdma_noneaudio,aurora,ok,,
esp32_hub75_i2sdma_noneaudio,beat_strobe,ok,,
esp32_hub75_i2sdma_noneaudio,blocks_ball_game_ino,ok,,
esp32_hub75_i2sdma_noneaudio,bouncer,ok,,
esp32_hub75_i2sdma_noneaudio,bpm,ok,,
esp32_hub75_i2sdma_noneaudio,bpm_pulse_train,ok,,
esp32_hub75_i2sdma_noneaudio,breakout_game,ok,,
esp32_hub75_i2sdma_noneaudio,breakout_lite,ok,,
esp32_hub75_i2sdma_noneaudio,call_response,ok,,
esp32_hub75_i2sdma_noneaudio,chase,ok,,
esp32_hub75_i2sdma_noneaudio,color_wipe,ok,,
esp32_hub75_i2sdma_noneaudio,comet_storm,ok,,
esp32_hub75_i2sdma_noneaudio,confetti,ok,,
esp32_hub75_i2sdma_noneaudio,crystal_shards,ok,,
esp32_hub75_i2sdma_noneaudio,cylon,ok,,
esp32_hub75_i2sdma_noneaudio,demo_asteroids,ok,,
esp32_hub75_i2sdma_noneaudio,demo_breakout,ok,,
esp32_hub75_i2sdma_noneaudio,dna_helix,ok,,
esp32_hub75_i2sdma_noneaudio,electric_web,ok,,
esp32_hub75_i2sdma_noneaudio,explosion,ok,,
esp32_hub75_i2sdma_noneaudio,fade,ok,,
esp32_hub75_i2sdma_noneaudio,fire,ok,,
esp32_hub75_i2sdma_noneaudio,fireworks,ok,,
esp32_hub75_i2sdma_noneaudio,force_particles,ok,,
esp32_hub75_i2sdma_noneaudio,fractal_flame,ok,,
esp32_hub75_i2sdma_noneaudio,frequency_particles_14,ok,,
esp32_hub75_i2sdma_noneaudio,game_of_life,ok,,
esp32_hub75_i2sdma_noneaudio,glitch_datamosh,ok,,
esp32_hub75_i2sdma_noneaudio,gradient,ok,,
esp32_hub75_i2sdma_noneaudio,gravity_blobs,ok,,
esp32_hub75_i2sdma_noneaudio,hyperspace,ok,,
esp32_hub75_i2sdma_noneaudio,impact_ripples,ok,,
esp32_hub75_i2sdma_noneaudio,juggle,ok,,
esp32_hub75_i2sdma_noneaudio,kaleidoscope,ok,,
esp32_hub75_i2sdma_noneaudio,kick_burst,ok,,
esp32_hub75_i2sdma_noneaudio,lightning,ok,,
esp32_hub75_i2sdma_noneaudio,liquid_metal,ok,,
esp32_hub75_i2sdma_noneaudio,meteor,ok,,
esp32_hub75_i2sdma_noneaudio,msgeq7_reactive_ino,ok,,
esp32_hub75_i2sdma_noneaudio,msgeq7_visualizer_575,ok,,
esp32_hub75_i2sdma_noneaudio,neon_city,ok,,
esp32_hub75_i2sdma_noneaudio,noise,ok,,
esp32_hub75_i2sdma_noneaudio,plasma_lattice,ok,,
esp32_hub75_i2sdma_noneaudio,portal,ok,,
esp32_hub75_i2sdma_noneaudio,pulse,ok,,
esp32_hub75_i2sdma_noneaudio,purpose_autoplay,ok,,
esp32_hub75_i2sdma_noneaudio,purpose_bar,ok,,
esp32_hub75_i2sdma_noneaudio,purpose_meter,ok,,
esp32_hub75_i2sdma_noneaudio,rainbow,ok,,
esp32_hub75_i2sdma_noneaudio,rainbow_wipe,ok,,
esp32_hub75_i2sdma_noneaudio,reaction_diffusion,ok,,
esp32_hub75_i2sdma_noneaudio,ripple,ok,,
esp32_hub75_i2sdma_noneaudio,scanner,ok,,
esp32_hub75_i2sdma_noneaudio,section_morph_palette,ok,,
esp32_hub75_i2sdma_noneaudio,shock_chain,ok,,
esp32_hub75_i2sdma_noneaudio,shooter_game_ino,ok,,
esp32_hub75_i2sdma_noneaudio,sinelon,ok,,
esp32_hub75_i2sdma_noneaudio,snake_game,ok,,
esp32_hub75_i2sdma_noneaudio,snake_game_ino,ok,,
esp32_hub75_i2sdma_noneaudio,snare_spark,ok,,
esp32_hub75_i2sdma_noneaudio,solid,ok,,
esp32_hub75_i2sdma_noneaudio,sparkle,ok,,
esp32_hub75_i2sdma_noneaudio,spectral_dna_helix_14,ok,,
esp32_hub75_i2sdma_noneaudio,spectral_kaleidoscope_audio,ok,,
esp32_hub75_i2sdma_noneaudio,spectral_ripples_14,ok,,
esp32_hub75_i2sdma_noneaudio,spectral_wave,ok,,
esp32_hub75_i2sdma_noneaudio,spectrum_bars_stereo,ok,,
esp32_hub75_i2sdma_noneaudio,starfield,ok,,
esp32_hub75_i2sdma_noneaudio,stereo_call_response,ok,,
esp32_hub75_i2sdma_noneaudio,stereo_dual_vortex,ok,,
esp32_hub75_i2sdma_noneaudio,stereo_energy_field,ok,,
esp32_hub75_i2sdma_noneaudio,strobe,ok,,
esp32_hub75_i2sdma_noneaudio,sweep,ok,,
esp32_hub75_i2sdma_noneaudio,theater_chase,ok,,
esp32_hub75_i2sdma_noneaudio,tunnel,ok,,
esp32_hub75_i2sdma_noneaudio,twinkle,ok,,
esp32_hub75_i2sdma_noneaudio,volumetric_fog,ok,,
esp32_hub75_i2sdma_noneaudio,vortex_particles,ok,,
esp32_hub75_i2sdma_noneaudio,wave,ok,,
esp32_hub75_i2sdma_noneaudio,wipe,ok,,
esp32_hub75_matrix_noneaudio,asteroids_game,ok,,
esp32_hub75_matrix_noneaudio,asteroids_lite,ok,,
esp32_hub75_matrix_noneaudio,audio_meter,ok,,
esp32_hub75_matrix_noneaudio,audio_routed_zones,ok,,
esp32_hub75_matrix_noneaudio,audio_zone_eq,ok,,
esp32_hub75_matrix_noneaudio,aurora,ok,,
esp32_hub75_matrix_noneaudio,beat_strobe,ok,,
esp32_hub75_matrix_noneaudio,blocks_ball_game_ino,ok,,
esp32_hub75_matrix_noneaudio,bouncer,ok,,
esp32_hub75_matrix_noneaudio,bpm,ok,,
esp32_hub75_matrix_noneaudio,bpm_pulse_train,ok,,
esp32_hub75_matrix_noneaudio,breakout_game,ok,,
esp32_hub75_matrix_noneaudio,breakout_lite,ok,,
esp32_hub75_matrix_noneaudio,call_response,ok,,
esp32_hub75_matrix_noneaudio,chase,ok,,
esp32_hub75_matrix_noneaudio,color_wipe,ok,,
esp32_hub75_matrix_noneaudio,comet_storm,ok,,
esp32_hub75_matrix_noneaudio,confetti,ok,,
esp32_hub75_matrix_noneaudio,crystal_shards,ok,,
esp32_hub75_matrix_noneaudio,cylon,ok,,
esp32_hub75_matrix_noneaudio,demo_asteroids,ok,,
esp32_hub75_matrix_noneaudio,demo_breakout,ok,,
esp32_hub75_matrix_noneaudio,dna_helix,ok,,
esp32_hub75_matrix_noneaudio,electric_web,ok,,
esp32_hub75_matrix_noneaudio,explosion,ok,,
esp32_hub75_matrix_noneaudio,fade,ok,,
esp32_hub75_matrix_noneaudio,fire,ok,,
esp32_hub75_matrix_noneaudio,fireworks,ok,,
esp32_hub75_matrix_noneaudio,force_particles,ok,,
esp32_hub75_matrix_noneaudio,fractal_flame,ok,,
esp32_hub75_matrix_noneaudio,frequency_particles_14,ok,,
esp32_hub75_matrix_noneaudio,game_of_life,ok,,
esp32_hub75_matrix_noneaudio,glitch_datamosh,ok,,
esp32_hub75_matrix_noneaudio,gradient,ok,,
esp32_hub75_matrix_noneaudio,gravity_blobs,ok,,
esp32_hub75_matrix_noneaudio,hyperspace,ok,,
esp32_hub75_matrix_noneaudio,impact_ripples,ok,,
esp32_hub75_matrix_noneaudio,juggle,ok,,
esp32_hub75_matrix_noneaudio,kaleidoscope,ok,,
esp32_hub75_matrix_noneaudio,kick_burst,ok,,
esp32_hub75_matrix_noneaudio,lightning,ok,,
esp32_hub75_matrix_noneaudio,liquid_metal,ok,,
esp32_hub75_matrix_noneaudio,meteor,ok,,
esp32_hub75_matrix_noneaudio,msgeq7_reactive_ino,ok,,
esp32_hub75_matrix_noneaudio,msgeq7_visualizer_575,ok,,
esp32_hub75_matrix_noneaudio,neon_city,ok,,
esp32_hub75_matrix_noneaudio,noise,ok,,
esp32_hub75_matrix_noneaudio,plasma_lattice,ok,,
esp32_hub75_matrix_noneaudio,portal,ok,,
esp32_hub75_matrix_noneaudio,pulse,ok,,
esp32_hub75_matrix_noneaudio,purpose_autoplay,ok,,
esp32_hub75_matrix_noneaudio,purpose_bar,ok,,
esp32_hub75_matrix_noneaudio,purpose_meter,ok,,
esp32_hub75_matrix_noneaudio,rainbow,ok,,
esp32_hub75_matrix_noneaudio,rainbow_wipe,ok,,
esp32_hub75_matrix_noneaudio,reaction_diffusion,ok,,
esp32_hub75_matrix_noneaudio,ripple,ok,,
esp32_hub75_matrix_noneaudio,scanner,ok,,
esp32_hub75_matrix_noneaudio,section_morph_palette,ok,,
esp32_hub75_matrix_noneaudio,shock_chain,ok,,
esp32_hub75_matrix_noneaudio,shooter_game_ino,ok,,
esp32_hub75_matrix_noneaudio,sinelon,ok,,
esp32_hub75_matrix_noneaudio,snake_game,ok,,
esp32_hub75_matrix_noneaudio,snake_game_ino,ok,,
esp32_hub75_matrix_noneaudio,snare_spark,ok,,
esp32_hub75_matrix_noneaudio,solid,ok,,
esp32_hub75_matrix_noneaudio,sparkle,ok,,
esp32_hub75_matrix_noneaudio,spectral_dna_helix_14,ok,,
esp32_hub75_matrix_noneaudio,spectral_kaleidoscope_audio,ok,,
esp32_hub75_matrix_noneaudio,spectral_ripples_14,ok,,
esp32_hub75_matrix_noneaudio,spectral_wave,ok,,
esp32_hub75_matrix_noneaudio,spectrum_bars_stereo,ok,,
esp32_hub75_matrix_noneaudio,starfield,ok,,
esp32_hub75_matrix_noneaudio,stereo_call_response,ok,,
esp32_hub75_matrix_noneaudio,stereo_dual_vortex,ok,,
esp32_hub75_matrix_noneaudio,stereo_energy_field,ok,,
esp32_hub75_matrix_noneaudio,strobe,ok,,
esp32_hub75_matrix_noneaudio,sweep,ok,,
esp32_hub75_matrix_noneaudio,theater_chase,ok,,
esp32_hub75_matrix_noneaudio,tunnel,ok,,
esp32_hub75_matrix_noneaudio,twinkle,ok,,
esp32_hub75_matrix_noneaudio,volumetric_fog,ok,,
esp32_hub75_matrix_noneaudio,vortex_particles,ok,,
esp32_hub75_matrix_noneaudio,wave,ok,,
esp32_hub75_matrix_noneaudio,wipe,ok,,
esp32_hub75_i2sdma_grid_noneaudio,asteroids_game,ok,,
esp32_hub75_i2sdma_grid_noneaudio,asteroids_lite,ok,,
esp32_hub75_i2sdma_grid_noneaudio,audio_meter,ok,,
esp32_hub75_i2sdma_grid_noneaudio,audio_routed_zones,ok,,
esp32_hub75_i2sdma_grid_noneaudio,audio_zone_eq,ok,,
esp32_hub75_i2sdma_grid_noneaudio,aurora,ok,,
esp32_hub75_i2sdma_grid_noneaudio,beat_strobe,ok,,
esp32_hub75_i2sdma_grid_noneaudio,blocks_ball_game_ino,ok,,
esp32_hub75_i2sdma_grid_noneaudio,bouncer,ok,,
esp32_hub75_i2sdma_grid_noneaudio,bpm,ok,,
esp32_hub75_i2sdma_grid_noneaudio,bpm_pulse_train,ok,,
esp32_hub75_i2sdma_grid_noneaudio,breakout_game,ok,,
esp32_hub75_i2sdma_grid_noneaudio,breakout_lite,ok,,
esp32_hub75_i2sdma_grid_noneaudio,call_response,ok,,
esp32_hub75_i2sdma_grid_noneaudio,chase,ok,,
esp32_hub75_i2sdma_grid_noneaudio,color_wipe,ok,,
esp32_hub75_i2sdma_grid_noneaudio,comet_storm,ok,,
esp32_hub75_i2sdma_grid_noneaudio,confetti,ok,,
esp32_hub75_i2sdma_grid_noneaudio,crystal_shards,ok,,
esp32_hub75_i2sdma_grid_noneaudio,cylon,ok,,
esp32_hub75_i2sdma_grid_noneaudio,demo_asteroids,ok,,
esp32_hub75_i2sdma_grid_noneaudio,demo_breakout,ok,,
esp32_hub75_i2sdma_grid_noneaudio,dna_helix,ok,,
esp32_hub75_i2sdma_grid_noneaudio,electric_web,ok,,
esp32_hub75_i2sdma_grid_noneaudio,explosion,ok,,
esp32_hub75_i2sdma_grid_noneaudio,fade,ok,,
esp32_hub75_i2sdma_grid_noneaudio,fire,ok,,
esp32_hub75_i2sdma_grid_noneaudio,fireworks,ok,,
esp32_hub75_i2sdma_grid_noneaudio,force_particles,ok,,
esp32_hub75_i2sdma_grid_noneaudio,fractal_flame,ok,,
esp32_hub75_i2sdma_grid_noneaudio,frequency_particles_14,ok,,
esp32_hub75_i2sdma_grid_noneaudio,game_of_life,ok,,
esp32_hub75_i2sdma_grid_noneaudio,glitch_datamosh,ok,,
esp32_hub75_i2sdma_grid_noneaudio,gradient,ok,,
esp32_hub75_i2sdma_grid_noneaudio,gravity_blobs,ok,,
esp32_hub75_i2sdma_grid_noneaudio,hyperspace,ok,,
esp32_hub75_i2sdma_grid_noneaudio,impact_ripples,ok,,
esp32_hub75_i2sdma_grid_noneaudio,juggle,ok,,
esp32_hub75_i2sdma_grid_noneaudio,kaleidoscope,ok,,
esp32_hub75_i2sdma_grid_noneaudio,kick_burst,ok,,
esp32_hub75_i2sdma_grid_noneaudio,lightning,ok,,
esp32_hub75_i2sdma_grid_noneaudio,liquid_metal,ok,,
esp32_hub75_i2sdma_grid_noneaudio,meteor,ok,,
esp32_hub75_i2sdma_grid_noneaudio,msgeq7_reactive_ino,ok,,
esp32_hub75_i2sdma_grid_noneaudio,msgeq7_visualizer_575,ok,,
esp32_hub75_i2sdma_grid_noneaudio,neon_city,ok,,
esp32_hub75_i2sdma_grid_noneaudio,noise,ok,,
esp32_hub75_i2sdma_grid_noneaudio,plasma_lattice,ok,,
esp32_hub75_i2sdma_grid_noneaudio,portal,ok,,
esp32_hub75_i2sdma_grid_noneaudio,pulse,ok,,
esp32_hub75_i2sdma_grid_noneaudio,purpose_autoplay,ok,,
esp32_hub75_i2sdma_grid_noneaudio,purpose_bar,ok,,
esp32_hub75_i2sdma_grid_noneaudio,purpose_meter,ok,,
esp32_hub75_i2sdma_grid_noneaudio,rainbow,ok,,
esp32_hub75_i2sdma_grid_noneaudio,rainbow_wipe,ok,,
esp32_hub75_i2sdma_grid_noneaudio,reaction_diffusion,ok,,
esp32_hub75_i2sdma_grid_noneaudio,ripple,ok,,
esp32_hub75_i2sdma_grid_noneaudio,scanner,ok,,
esp32_hub75_i2sdma_grid_noneaudio,section_morph_palette,ok,,
esp32_hub75_i2sdma_grid_noneaudio,shock_chain,ok,,
esp32_hub75_i2sdma_grid_noneaudio,shooter_game_ino,ok,,
esp32_hub75_i2sdma_grid_noneaudio,sinelon,ok,,
esp32_hub75_i2sdma_grid_noneaudio,snake_game,ok,,
esp32_hub75_i2sdma_grid_noneaudio,snake_game_ino,ok,,
esp32_hub75_i2sdma_grid_noneaudio,snare_spark,ok,,
esp32_hub75_i2sdma_grid_noneaudio,solid,ok,,
esp32_hub75_i2sdma_grid_noneaudio,sparkle,ok,,
esp32_hub75_i2sdma_grid_noneaudio,spectral_dna_helix_14,ok,,
esp32_hub75_i2sdma_grid_noneaudio,spectral_kaleidoscope_audio,ok,,
esp32_hub75_i2sdma_grid_noneaudio,spectral_ripples_14,ok,,
esp32_hub75_i2sdma_grid_noneaudio,spectral_wave,ok,,
esp32_hub75_i2sdma_grid_noneaudio,spectrum_bars_stereo,ok,,
esp32_hub75_i2sdma_grid_noneaudio,starfield,ok,,
esp32_hub75_i2sdma_grid_noneaudio,stereo_call_response,ok,,
esp32_hub75_i2sdma_grid_noneaudio,stereo_dual_vortex,ok,,
esp32_hub75_i2sdma_grid_noneaudio,stereo_energy_field,ok,,
esp32_hub75_i2sdma_grid_noneaudio,strobe,ok,,
esp32_hub75_i2sdma_grid_noneaudio,sweep,ok,,
esp32_hub75_i2sdma_grid_noneaudio,theater_chase,ok,,
esp32_hub75_i2sdma_grid_noneaudio,tunnel,ok,,
esp32_hub75_i2sdma_grid_noneaudio,twinkle,ok,,
esp32_hub75_i2sdma_grid_noneaudio,volumetric_fog,ok,,
esp32_hub75_i2sdma_grid_noneaudio,vortex_particles,ok,,
esp32_hub75_i2sdma_grid_noneaudio,wave,ok,,
esp32_hub75_i2sdma_grid_noneaudio,wipe,ok,,
esp8266_fastled_noneaudio,asteroids_game,ok,,
esp8266_fastled_noneaudio,asteroids_lite,ok,,
esp8266_fastled_noneaudio,audio_meter,ok,,
esp8266_fastled_noneaudio,audio_routed_zones,ok,,
esp8266_fastled_noneaudio,audio_zone_eq,ok,,
esp8266_fastled_noneaudio,aurora,ok,,
esp8266_fastled_noneaudio,beat_strobe,ok,,
esp8266_fastled_noneaudio,blocks_ball_game_ino,ok,,
esp8266_fastled_noneaudio,bouncer,ok,,
esp8266_fastled_noneaudio,bpm,ok,,
esp8266_fastled_noneaudio,bpm_pulse_train,ok,,
esp8266_fastled_noneaudio,breakout_game,ok,,
esp8266_fastled_noneaudio,breakout_lite,ok,,
esp8266_fastled_noneaudio,call_response,ok,,
esp8266_fastled_noneaudio,chase,ok,,
esp8266_fastled_noneaudio,color_wipe,ok,,
esp8266_fastled_noneaudio,comet_storm,ok,,
esp8266_fastled_noneaudio,confetti,ok,,
esp8266_fastled_noneaudio,crystal_shards,ok,,
esp8266_fastled_noneaudio,cylon,ok,,
esp8266_fastled_noneaudio,demo_asteroids,ok,,
esp8266_fastled_noneaudio,demo_breakout,ok,,
esp8266_fastled_noneaudio,dna_helix,ok,,
esp8266_fastled_noneaudio,electric_web,ok,,
esp8266_fastled_noneaudio,explosion,ok,,
esp8266_fastled_noneaudio,fade,ok,,
esp8266_fastled_noneaudio,fire,ok,,
esp8266_fastled_noneaudio,fireworks,ok,,
esp8266_fastled_noneaudio,force_particles,ok,,
esp8266_fastled_noneaudio,fractal_flame,ok,,
esp8266_fastled_noneaudio,frequency_particles_14,ok,,
esp8266_fastled_noneaudio,game_of_life,ok,,
esp8266_fastled_noneaudio,glitch_datamosh,ok,,
esp8266_fastled_noneaudio,gradient,ok,,
esp8266_fastled_noneaudio,gravity_blobs,ok,,
esp8266_fastled_noneaudio,hyperspace,ok,,
esp8266_fastled_noneaudio,impact_ripples,ok,,
esp8266_fastled_noneaudio,juggle,ok,,
esp8266_fastled_noneaudio,kaleidoscope,ok,,
esp8266_fastled_noneaudio,kick_burst,ok,,
esp8266_fastled_noneaudio,lightning,ok,,
esp8266_fastled_noneaudio,liquid_metal,ok,,
esp8266_fastled_noneaudio,meteor,ok,,
esp8266_fastled_noneaudio,msgeq7_reactive_ino,ok,,
esp8266_fastled_noneaudio,msgeq7_visualizer_575,ok,,
esp8266_fastled_noneaudio,neon_city,ok,,
esp8266_fastled_noneaudio,noise,ok,,
esp8266_fastled_noneaudio,plasma_lattice,ok,,
esp8266_fastled_noneaudio,portal,ok,,
esp8266_fastled_noneaudio,pulse,ok,,
esp8266_fastled_noneaudio,purpose_autoplay,ok,,
esp8266_fastled_noneaudio,purpose_bar,ok,,
esp8266_fastled_noneaudio,purpose_meter,ok,,
esp8266_fastled_noneaudio,rainbow,ok,,
esp8266_fastled_noneaudio,rainbow_wipe,ok,,
esp8266_fastled_noneaudio,reaction_diffusion,ok,,
esp8266_fastled_noneaudio,ripple,ok,,
esp8266_fastled_noneaudio,scanner,ok,,
esp8266_fastled_noneaudio,section_morph_palette,ok,,
esp8266_fastled_noneaudio,shock_chain,ok,,
esp8266_fastled_noneaudio,shooter_game_ino,ok,,
esp8266_fastled_noneaudio,sinelon,ok,,
esp8266_fastled_noneaudio,snake_game,ok,,
esp8266_fastled_noneaudio,snake_game_ino,ok,,
esp8266_fastled_noneaudio,snare_spark,ok,,
esp8266_fastled_noneaudio,solid,ok,,
esp8266_fastled_noneaudio,sparkle,ok,,
esp8266_fastled_noneaudio,spectral_dna_helix_14,ok,,
esp8266_fastled_noneaudio,spectral_kaleidoscope_audio,ok,,
esp8266_fastled_noneaudio,spectral_ripples_14,ok,,
esp8266_fastled_noneaudio,spectral_wave,ok,,
esp8266_fastled_noneaudio,spectrum_bars_stereo,ok,,
esp8266_fastled_noneaudio,starfield,ok,,
esp8266_fastled_noneaudio,stereo_call_response,ok,,
esp8266_fastled_noneaudio,stereo_dual_vortex,ok,,
esp8266_fastled_noneaudio,stereo_energy_field,ok,,
esp8266_fastled_noneaudio,strobe,ok,,
esp8266_fastled_noneaudio,sweep,ok,,
esp8266_fastled_noneaudio,theater_chase,ok,,
esp8266_fastled_noneaudio,tunnel,ok,,
esp8266_fastled_noneaudio,twinkle,ok,,
esp8266_fastled_noneaudio,volumetric_fog,ok,,
esp8266_fastled_noneaudio,vortex_particles,ok,,
esp8266_fastled_noneaudio,wave,ok,,
esp8266_fastled_noneaudio,wipe,ok,,
rp2040_fastled_noneaudio,asteroids_game,ok,,
rp2040_fastled_noneaudio,asteroids_lite,ok,,
rp2040_fastled_noneaudio,audio_meter,ok,,
rp2040_fastled_noneaudio,audio_routed_zones,ok,,
rp2040_fastled_noneaudio,audio_zone_eq,ok,,
rp2040_fastled_noneaudio,aurora,ok,,
rp2040_fastled_noneaudio,beat_strobe,ok,,
rp2040_fastled_noneaudio,blocks_ball_game_ino,ok,,
rp2040_fastled_noneaudio,bouncer,ok,,
rp2040_fastled_noneaudio,bpm,ok,,
rp2040_fastled_noneaudio,bpm_pulse_train,ok,,
rp2040_fastled_noneaudio,breakout_game,ok,,
rp2040_fastled_noneaudio,breakout_lite,ok,,
rp2040_fastled_noneaudio,call_response,ok,,
rp2040_fastled_noneaudio,chase,ok,,
rp2040_fastled_noneaudio,color_wipe,ok,,
rp2040_fastled_noneaudio,comet_storm,ok,,
rp2040_fastled_noneaudio,confetti,ok,,
rp2040_fastled_noneaudio,crystal_shards,ok,,
rp2040_fastled_noneaudio,cylon,ok,,
rp2040_fastled_noneaudio,demo_asteroids,ok,,
rp2040_fastled_noneaudio,demo_breakout,ok,,
rp2040_fastled_noneaudio,dna_helix,ok,,
rp2040_fastled_noneaudio,electric_web,ok,,
rp2040_fastled_noneaudio,explosion,ok,,
rp2040_fastled_noneaudio,fade,ok,,
rp2040_fastled_noneaudio,fire,ok,,
rp2040_fastled_noneaudio,fireworks,ok,,
rp2040_fastled_noneaudio,force_particles,ok,,
rp2040_fastled_noneaudio,fractal_flame,ok,,
rp2040_fastled_noneaudio,frequency_particles_14,ok,,
rp2040_fastled_noneaudio,game_of_life,ok,,
rp2040_fastled_noneaudio,glitch_datamosh,ok,,
rp2040_fastled_noneaudio,gradient,ok,,
rp2040_fastled_noneaudio,gravity_blobs,ok,,
rp2040_fastled_noneaudio,hyperspace,ok,,
rp2040_fastled_noneaudio,impact_ripples,ok,,
rp2040_fastled_noneaudio,juggle,ok,,
rp2040_fastled_noneaudio,kaleidoscope,ok,,
rp2040_fastled_noneaudio,kick_burst,ok,,
rp2040_fastled_noneaudio,lightning,ok,,
rp2040_fastled_noneaudio,liquid_metal,ok,,
rp2040_fastled_noneaudio,meteor,ok,,
rp2040_fastled_noneaudio,msgeq7_reactive_ino,ok,,
rp2040_fastled_noneaudio,msgeq7_visualizer_575,ok,,
rp2040_fastled_noneaudio,neon_city,ok,,
rp2040_fastled_noneaudio,noise,ok,,
rp2040_fastled_noneaudio,plasma_lattice,ok,,
rp2040_fastled_noneaudio,portal,ok,,
rp2040_fastled_noneaudio,pulse,ok,,
rp2040_fastled_noneaudio,purpose_autoplay,ok,,
rp2040_fastled_noneaudio,purpose_bar,ok,,
rp2040_fastled_noneaudio,purpose_meter,ok,,
rp2040_fastled_noneaudio,rainbow,ok,,
rp2040_fastled_noneaudio,rainbow_wipe,ok,,
rp2040_fastled_noneaudio,reaction_diffusion,ok,,
rp2040_fastled_noneaudio,ripple,ok,,
rp2040_fastled_noneaudio,scanner,ok,,
rp2040_fastled_noneaudio,section_morph_palette,ok,,
rp2040_fastled_noneaudio,shock_chain,ok,,
rp2040_fastled_noneaudio,shooter_game_ino,ok,,
rp2040_fastled_noneaudio,sinelon,ok,,
rp2040_fastled_noneaudio,snake_game,ok,,
rp2040_fastled_noneaudio,snake_game_ino,ok,,
rp2040_fastled_noneaudio,snare_spark,ok,,
rp2040_fastled_noneaudio,solid,ok,,
rp2040_fastled_noneaudio,sparkle,ok,,
rp2040_fastled_noneaudio,spectral_dna_helix_14,ok,,
rp2040_fastled_noneaudio,spectral_kaleidoscope_audio,ok,,
rp2040_fastled_noneaudio,spectral_ripples_14,ok,,
rp2040_fastled_noneaudio,spectral_wave,ok,,
rp2040_fastled_noneaudio,spectrum_bars_stereo,ok,,
rp2040_fastled_noneaudio,starfield,ok,,
rp2040_fastled_noneaudio,stereo_call_response,ok,,
rp2040_fastled_noneaudio,stereo_dual_vortex,ok,,
rp2040_fastled_noneaudio,stereo_energy_field,ok,,
rp2040_fastled_noneaudio,strobe,ok,,
rp2040_fastled_noneaudio,sweep,ok,,
rp2040_fastled_noneaudio,theater_chase,ok,,
rp2040_fastled_noneaudio,tunnel,ok,,
rp2040_fastled_noneaudio,twinkle,ok,,
rp2040_fastled_noneaudio,volumetric_fog,ok,,
rp2040_fastled_noneaudio,vortex_particles,ok,,
rp2040_fastled_noneaudio,wave,ok,,
rp2040_fastled_noneaudio,wipe,ok,,
rp2040_pico_fastled_msgeq7,asteroids_game,ok,,
rp2040_pico_fastled_msgeq7,asteroids_lite,ok,,
rp2040_pico_fastled_msgeq7,audio_meter,ok,,
rp2040_pico_fastled_msgeq7,audio_routed_zones,ok,,
rp2040_pico_fastled_msgeq7,audio_zone_eq,ok,,
rp2040_pico_fastled_msgeq7,aurora,ok,,
rp2040_pico_fastled_msgeq7,beat_strobe,ok,,
rp2040_pico_fastled_msgeq7,blocks_ball_game_ino,ok,,
rp2040_pico_fastled_msgeq7,bouncer,ok,,
rp2040_pico_fastled_msgeq7,bpm,ok,,
rp2040_pico_fastled_msgeq7,bpm_pulse_train,ok,,
rp2040_pico_fastled_msgeq7,breakout_game,ok,,
rp2040_pico_fastled_msgeq7,breakout_lite,ok,,
rp2040_pico_fastled_msgeq7,call_response,ok,,
rp2040_pico_fastled_msgeq7,chase,ok,,
rp2040_pico_fastled_msgeq7,color_wipe,ok,,
rp2040_pico_fastled_msgeq7,comet_storm,ok,,
rp2040_pico_fastled_msgeq7,confetti,ok,,
rp2040_pico_fastled_msgeq7,crystal_shards,ok,,
rp2040_pico_fastled_msgeq7,cylon,ok,,
rp2040_pico_fastled_msgeq7,demo_asteroids,ok,,
rp2040_pico_fastled_msgeq7,demo_breakout,ok,,
rp2040_pico_fastled_msgeq7,dna_helix,ok,,
rp2040_pico_fastled_msgeq7,electric_web,ok,,
rp2040_pico_fastled_msgeq7,explosion,ok,,
rp2040_pico_fastled_msgeq7,fade,ok,,
rp2040_pico_fastled_msgeq7,fire,ok,,
rp2040_pico_fastled_msgeq7,fireworks,ok,,
rp2040_pico_fastled_msgeq7,force_particles,ok,,
rp2040_pico_fastled_msgeq7,fractal_flame,ok,,
rp2040_pico_fastled_msgeq7,frequency_particles_14,ok,,
rp2040_pico_fastled_msgeq7,game_of_life,ok,,
rp2040_pico_fastled_msgeq7,glitch_datamosh,ok,,
rp2040_pico_fastled_msgeq7,gradient,ok,,
rp2040_pico_fastled_msgeq7,gravity_blobs,ok,,
rp2040_pico_fastled_msgeq7,hyperspace,ok,,
rp2040_pico_fastled_msgeq7,impact_ripples,ok,,
rp2040_pico_fastled_msgeq7,juggle,ok,,
rp2040_pico_fastled_msgeq7,kaleidoscope,ok,,
rp2040_pico_fastled_msgeq7,kick_burst,ok,,
rp2040_pico_fastled_msgeq7,lightning,ok,,
rp2040_pico_fastled_msgeq7,liquid_metal,ok,,
rp2040_pico_fastled_msgeq7,meteor,ok,,
rp2040_pico_fastled_msgeq7,msgeq7_reactive_ino,ok,,
rp2040_pico_fastled_msgeq7,msgeq7_visualizer_575,ok,,
rp2040_pico_fastled_msgeq7,neon_city,ok,,
rp2040_pico_fastled_msgeq7,noise,ok,,
rp2040_pico_fastled_msgeq7,plasma_lattice,ok,,
rp2040_pico_fastled_msgeq7,portal,ok,,
rp2040_pico_fastled_msgeq7,pulse,ok,,
rp2040_pico_fastled_msgeq7,purpose_autoplay,ok,,
rp2040_pico_fastled_msgeq7,purpose_bar,ok,,
rp2040_pico_fastled_msgeq7,purpose_meter,ok,,
rp2040_pico_fastled_msgeq7,rainbow,ok,,
rp2040_pico_fastled_msgeq7,rainbow_wipe,ok,,
rp2040_pico_fastled_msgeq7,reaction_diffusion,ok,,
rp2040_pico_fastled_msgeq7,ripple,ok,,
rp2040_pico_fastled_msgeq7,scanner,ok,,
rp2040_pico_fastled_msgeq7,section_morph_palette,ok,,
rp2040_pico_fastled_msgeq7,shock_chain,ok,,
rp2040_pico_fastled_msgeq7,shooter_game_ino,ok,,
rp2040_pico_fastled_msgeq7,sinelon,ok,,
rp2040_pico_fastled_msgeq7,snake_game,ok,,
rp2040_pico_fastled_msgeq7,snake_game_ino,ok,,
rp2040_pico_fastled_msgeq7,snare_spark,ok,,
rp2040_pico_fastled_msgeq7,solid,ok,,
rp2040_pico_fastled_msgeq7,sparkle,ok,,
rp2040_pico_fastled_msgeq7,spectral_dna_helix_14,ok,,
rp2040_pico_fastled_msgeq7,spectral_kaleidoscope_audio,ok,,
rp2040_pico_fastled_msgeq7,spectral_ripples_14,ok,,
rp2040_pico_fastled_msgeq7,spectral_wave,ok,,
rp2040_pico_fastled_msgeq7,spectrum_bars_stereo,ok,,
rp2040_pico_fastled_msgeq7,starfield,ok,,
rp2040_pico_fastled_msgeq7,stereo_call_response,ok,,
rp2040_pico_fastled_msgeq7,stereo_dual_vortex,ok,,
rp2040_pico_fastled_msgeq7,stereo_energy_field,ok,,
rp2040_pico_fastled_msgeq7,strobe,ok,,
rp2040_pico_fastled_msgeq7,sweep,ok,,
rp2040_pico_fastled_msgeq7,theater_chase,ok,,
rp2040_pico_fastled_msgeq7,tunnel,ok,,
rp2040_pico_fastled_msgeq7,twinkle,ok,,
rp2040_pico_fastled_msgeq7,volumetric_fog,ok,,
rp2040_pico_fastled_msgeq7,vortex_particles,ok,,
rp2040_pico_fastled_msgeq7,wave,ok,,
rp2040_pico_fastled_msgeq7,wipe,ok,,
stm32_fastled_noneaudio,asteroids_game,ok,,
stm32_fastled_noneaudio,asteroids_lite,ok,,
stm32_fastled_noneaudio,audio_meter,ok,,
stm32_fastled_noneaudio,audio_routed_zones,ok,,
stm32_fastled_noneaudio,audio_zone_eq,ok,,
stm32_fastled_noneaudio,aurora,ok,,
stm32_fastled_noneaudio,beat_strobe,ok,,
stm32_fastled_noneaudio,blocks_ball_game_ino,ok,,
stm32_fastled_noneaudio,bouncer,ok,,
stm32_fastled_noneaudio,bpm,ok,,
stm32_fastled_noneaudio,bpm_pulse_train,ok,,
stm32_fastled_noneaudio,breakout_game,ok,,
stm32_fastled_noneaudio,breakout_lite,ok,,
stm32_fastled_noneaudio,call_response,ok,,
stm32_fastled_noneaudio,chase,ok,,
stm32_fastled_noneaudio,color_wipe,ok,,
stm32_fastled_noneaudio,comet_storm,ok,,
stm32_fastled_noneaudio,confetti,ok,,
stm32_fastled_noneaudio,crystal_shards,ok,,
stm32_fastled_noneaudio,cylon,ok,,
stm32_fastled_noneaudio,demo_asteroids,ok,,
stm32_fastled_noneaudio,demo_breakout,ok,,
stm32_fastled_noneaudio,dna_helix,ok,,
stm32_fastled_noneaudio,electric_web,ok,,
stm32_fastled_noneaudio,explosion,ok,,
stm32_fastled_noneaudio,fade,ok,,
stm32_fastled_noneaudio,fire,ok,,
stm32_fastled_noneaudio,fireworks,ok,,
stm32_fastled_noneaudio,force_particles,ok,,
stm32_fastled_noneaudio,fractal_flame,ok,,
stm32_fastled_noneaudio,frequency_particles_14,ok,,
stm32_fastled_noneaudio,game_of_life,ok,,
stm32_fastled_noneaudio,glitch_datamosh,ok,,
stm32_fastled_noneaudio,gradient,ok,,
stm32_fastled_noneaudio,gravity_blobs,ok,,
stm32_fastled_noneaudio,hyperspace,ok,,
stm32_fastled_noneaudio,impact_ripples,ok,,
stm32_fastled_noneaudio,juggle,ok,,
stm32_fastled_noneaudio,kaleidoscope,ok,,
stm32_fastled_noneaudio,kick_burst,ok,,
stm32_fastled_noneaudio,lightning,ok,,
stm32_fastled_noneaudio,liquid_metal,ok,,
stm32_fastled_noneaudio,meteor,ok,,
stm32_fastled_noneaudio,msgeq7_reactive_ino,ok,,
stm32_fastled_noneaudio,msgeq7_visualizer_575,ok,,
stm32_fastled_noneaudio,neon_city,ok,,
stm32_fastled_noneaudio,noise,ok,,
stm32_fastled_noneaudio,plasma_lattice,ok,,
stm32_fastled_noneaudio,portal,ok,,
stm32_fastled_noneaudio,pulse,ok,,
stm32_fastled_noneaudio,purpose_autoplay,ok,,
stm32_fastled_noneaudio,purpose_bar,ok,,
stm32_fastled_noneaudio,purpose_meter,ok,,
stm32_fastled_noneaudio,rainbow,ok,,
stm32_fastled_noneaudio,rainbow_wipe,ok,,
stm32_fastled_noneaudio,reaction_diffusion,ok,,
stm32_fastled_noneaudio,ripple,ok,,
stm32_fastled_noneaudio,scanner,ok,,
stm32_fastled_noneaudio,section_morph_palette,ok,,
stm32_fastled_noneaudio,shock_chain,ok,,
stm32_fastled_noneaudio,shooter_game_ino,ok,,
stm32_fastled_noneaudio,sinelon,ok,,
stm32_fastled_noneaudio,snake_game,ok,,
stm32_fastled_noneaudio,snake_game_ino,ok,,
stm32_fastled_noneaudio,snare_spark,ok,,
stm32_fastled_noneaudio,solid,ok,,
stm32_fastled_noneaudio,sparkle,ok,,
stm32_fastled_noneaudio,spectral_dna_helix_14,ok,,
stm32_fastled_noneaudio,spectral_kaleidoscope_audio,ok,,
stm32_fastled_noneaudio,spectral_ripples_14,ok,,
stm32_fastled_noneaudio,spectral_wave,ok,,
stm32_fastled_noneaudio,spectrum_bars_stereo,ok,,
stm32_fastled_noneaudio,starfield,ok,,
stm32_fastled_noneaudio,stereo_call_response,ok,,
stm32_fastled_noneaudio,stereo_dual_vortex,ok,,
stm32_fastled_noneaudio,stereo_energy_field,ok,,
stm32_fastled_noneaudio,strobe,ok,,
stm32_fastled_noneaudio,sweep,ok,,
stm32_fastled_noneaudio,theater_chase,ok,,
stm32_fastled_noneaudio,tunnel,ok,,
stm32_fastled_noneaudio,twinkle,ok,,
stm32_fastled_noneaudio,volumetric_fog,ok,,
stm32_fastled_noneaudio,vortex_particles,ok,,
stm32_fastled_noneaudio,wave,ok,,
stm32_fastled_noneaudio,wipe,ok,,
teensy40_fastled_msgeq7,asteroids_game,ok,,
teensy40_fastled_msgeq7,asteroids_lite,ok,,
teensy40_fastled_msgeq7,audio_meter,ok,,
teensy40_fastled_msgeq7,audio_routed_zones,ok,,
teensy40_fastled_msgeq7,audio_zone_eq,ok,,
teensy40_fastled_msgeq7,aurora,ok,,
teensy40_fastled_msgeq7,beat_strobe,ok,,
teensy40_fastled_msgeq7,blocks_ball_game_ino,ok,,
teensy40_fastled_msgeq7,bouncer,ok,,
teensy40_fastled_msgeq7,bpm,ok,,
teensy40_fastled_msgeq7,bpm_pulse_train,ok,,
teensy40_fastled_msgeq7,breakout_game,ok,,
teensy40_fastled_msgeq7,breakout_lite,ok,,
teensy40_fastled_msgeq7,call_response,ok,,
teensy40_fastled_msgeq7,chase,ok,,
teensy40_fastled_msgeq7,color_wipe,ok,,
teensy40_fastled_msgeq7,comet_storm,ok,,
teensy40_fastled_msgeq7,confetti,ok,,
teensy40_fastled_msgeq7,crystal_shards,ok,,
teensy40_fastled_msgeq7,cylon,ok,,
teensy40_fastled_msgeq7,demo_asteroids,ok,,
teensy40_fastled_msgeq7,demo_breakout,ok,,
teensy40_fastled_msgeq7,dna_helix,ok,,
teensy40_fastled_msgeq7,electric_web,ok,,
teensy40_fastled_msgeq7,explosion,ok,,
teensy40_fastled_msgeq7,fade,ok,,
teensy40_fastled_msgeq7,fire,ok,,
teensy40_fastled_msgeq7,fireworks,ok,,
teensy40_fastled_msgeq7,force_particles,ok,,
teensy40_fastled_msgeq7,fractal_flame,ok,,
teensy40_fastled_msgeq7,frequency_particles_14,ok,,
teensy40_fastled_msgeq7,game_of_life,ok,,
teensy40_fastled_msgeq7,glitch_datamosh,ok,,
teensy40_fastled_msgeq7,gradient,ok,,
teensy40_fastled_msgeq7,gravity_blobs,ok,,
teensy40_fastled_msgeq7,hyperspace,ok,,
teensy40_fastled_msgeq7,impact_ripples,ok,,
teensy40_fastled_msgeq7,juggle,ok,,
teensy40_fastled_msgeq7,kaleidoscope,ok,,
teensy40_fastled_msgeq7,kick_burst,ok,,
teensy40_fastled_msgeq7,lightning,ok,,
teensy40_fastled_msgeq7,liquid_metal,ok,,
teensy40_fastled_msgeq7,meteor,ok,,
teensy40_fastled_msgeq7,msgeq7_reactive_ino,ok,,
teensy40_fastled_msgeq7,msgeq7_visualizer_575,ok,,
teensy40_fastled_msgeq7,neon_city,ok,,
teensy40_fastled_msgeq7,noise,ok,,
teensy40_fastled_msgeq7,plasma_lattice,ok,,
teensy40_fastled_msgeq7,portal,ok,,
teensy40_fastled_msgeq7,pulse,ok,,
teensy40_fastled_msgeq7,purpose_autoplay,ok,,
teensy40_fastled_msgeq7,purpose_bar,ok,,
teensy40_fastled_msgeq7,purpose_meter,ok,,
teensy40_fastled_msgeq7,rainbow,ok,,
teensy40_fastled_msgeq7,rainbow_wipe,ok,,
teensy40_fastled_msgeq7,reaction_diffusion,ok,,
teensy40_fastled_msgeq7,ripple,ok,,
teensy40_fastled_msgeq7,scanner,ok,,
teensy40_fastled_msgeq7,section_morph_palette,ok,,
teensy40_fastled_msgeq7,shock_chain,ok,,
teensy40_fastled_msgeq7,shooter_game_ino,ok,,
teensy40_fastled_msgeq7,sinelon,ok,,
teensy40_fastled_msgeq7,snake_game,ok,,
teensy40_fastled_msgeq7,snake_game_ino,ok,,
teensy40_fastled_msgeq7,snare_spark,ok,,
teensy40_fastled_msgeq7,solid,ok,,
teensy40_fastled_msgeq7,sparkle,ok,,
teensy40_fastled_msgeq7,spectral_dna_helix_14,ok,,
teensy40_fastled_msgeq7,spectral_kaleidoscope_audio,ok,,
teensy40_fastled_msgeq7,spectral_ripples_14,ok,,
teensy40_fastled_msgeq7,spectral_wave,ok,,
teensy40_fastled_msgeq7,spectrum_bars_stereo,ok,,
teensy40_fastled_msgeq7,starfield,ok,,
teensy40_fastled_msgeq7,stereo_call_response,ok,,
teensy40_fastled_msgeq7,stereo_dual_vortex,ok,,
teensy40_fastled_msgeq7,stereo_energy_field,ok,,
teensy40_fastled_msgeq7,strobe,ok,,
teensy40_fastled_msgeq7,sweep,ok,,
teensy40_fastled_msgeq7,theater_chase,ok,,
teensy40_fastled_msgeq7,tunnel,ok,,
teensy40_fastled_msgeq7,twinkle,ok,,
teensy40_fastled_msgeq7,volumetric_fog,ok,,
teensy40_fastled_msgeq7,vortex_particles,ok,,
teensy40_fastled_msgeq7,wave,ok,,
teensy40_fastled_msgeq7,wipe,ok,,
teensy41_fastled,asteroids_game,ok,,
teensy41_fastled,asteroids_lite,ok,,
teensy41_fastled,audio_meter,ok,,
teensy41_fastled,audio_routed_zones,ok,,
teensy41_fastled,audio_zone_eq,ok,,
teensy41_fastled,aurora,ok,,
teensy41_fastled,beat_strobe,ok,,
teensy41_fastled,blocks_ball_game_ino,ok,,
teensy41_fastled,bouncer,ok,,
teensy41_fastled,bpm,ok,,
teensy41_fastled,bpm_pulse_train,ok,,
teensy41_fastled,breakout_game,ok,,
teensy41_fastled,breakout_lite,ok,,
teensy41_fastled,call_response,ok,,
teensy41_fastled,chase,ok,,
teensy41_fastled,color_wipe,ok,,
teensy41_fastled,comet_storm,ok,,
teensy41_fastled,confetti,ok,,
teensy41_fastled,crystal_shards,ok,,
teensy41_fastled,cylon,ok,,
teensy41_fastled,demo_asteroids,ok,,
teensy41_fastled,demo_breakout,ok,,
teensy41_fastled,dna_helix,ok,,
teensy41_fastled,electric_web,ok,,
teensy41_fastled,explosion,ok,,
teensy41_fastled,fade,ok,,
teensy41_fastled,fire,ok,,
teensy41_fastled,fireworks,ok,,
teensy41_fastled,force_particles,ok,,
teensy41_fastled,fractal_flame,ok,,
teensy41_fastled,frequency_particles_14,ok,,
teensy41_fastled,game_of_life,ok,,
teensy41_fastled,glitch_datamosh,ok,,
teensy41_fastled,gradient,ok,,
teensy41_fastled,gravity_blobs,ok,,
teensy41_fastled,hyperspace,ok,,
teensy41_fastled,impact_ripples,ok,,
teensy41_fastled,juggle,ok,,
teensy41_fastled,kaleidoscope,ok,,
teensy41_fastled,kick_burst,ok,,
teensy41_fastled,lightning,ok,,
teensy41_fastled,liquid_metal,ok,,
teensy41_fastled,meteor,ok,,
teensy41_fastled,msgeq7_reactive_ino,ok,,
teensy41_fastled,msgeq7_visualizer_575,ok,,
teensy41_fastled,neon_city,ok,,
teensy41_fastled,noise,ok,,
teensy41_fastled,plasma_lattice,ok,,
teensy41_fastled,portal,ok,,
teensy41_fastled,pulse,ok,,
teensy41_fastled,purpose_autoplay,ok,,
teensy41_fastled,purpose_bar,ok,,
teensy41_fastled,purpose_meter,ok,,
teensy41_fastled,rainbow,ok,,
teensy41_fastled,rainbow_wipe,ok,,
teensy41_fastled,reaction_diffusion,ok,,
teensy41_fastled,ripple,ok,,
teensy41_fastled,scanner,ok,,
teensy41_fastled,section_morph_palette,ok,,
teensy41_fastled,shock_chain,ok,,
teensy41_fastled,shooter_game_ino,ok,,
teensy41_fastled,sinelon,ok,,
teensy41_fastled,snake_game,ok,,
teensy41_fastled,snake_game_ino,ok,,
teensy41_fastled,snare_spark,ok,,
teensy41_fastled,solid,ok,,
teensy41_fastled,sparkle,ok,,
teensy41_fastled,spectral_dna_helix_14,ok,,
teensy41_fastled,spectral_kaleidoscope_audio,ok,,
teensy41_fastled,spectral_ripples_14,ok,,
teensy41_fastled,spectral_wave,ok,,
teensy41_fastled,spectrum_bars_stereo,ok,,
teensy41_fastled,starfield,ok,,
teensy41_fastled,stereo_call_response,ok,,
teensy41_fastled,stereo_dual_vortex,ok,,
teensy41_fastled,stereo_energy_field,ok,,
teensy41_fastled,strobe,ok,,
teensy41_fastled,sweep,ok,,
teensy41_fastled,theater_chase,ok,,
teensy41_fastled,tunnel,ok,,
teensy41_fastled,twinkle,ok,,
teensy41_fastled,volumetric_fog,ok,,
teensy41_fastled,vortex_particles,ok,,
teensy41_fastled,wave,ok,,
teensy41_fastled,wipe,ok,,
teensy41_fastled_noneaudio,asteroids_game,ok,,
teensy41_fastled_noneaudio,asteroids_lite,ok,,
teensy41_fastled_noneaudio,audio_meter,ok,,
teensy41_fastled_noneaudio,audio_routed_zones,ok,,
teensy41_fastled_noneaudio,audio_zone_eq,ok,,
teensy41_fastled_noneaudio,aurora,ok,,
teensy41_fastled_noneaudio,beat_strobe,ok,,
teensy41_fastled_noneaudio,blocks_ball_game_ino,ok,,
teensy41_fastled_noneaudio,bouncer,ok,,
teensy41_fastled_noneaudio,bpm,ok,,
teensy41_fastled_noneaudio,bpm_pulse_train,ok,,
teensy41_fastled_noneaudio,breakout_game,ok,,
teensy41_fastled_noneaudio,breakout_lite,ok,,
teensy41_fastled_noneaudio,call_response,ok,,
teensy41_fastled_noneaudio,chase,ok,,
teensy41_fastled_noneaudio,color_wipe,ok,,
teensy41_fastled_noneaudio,comet_storm,ok,,
teensy41_fastled_noneaudio,confetti,ok,,
teensy41_fastled_noneaudio,crystal_shards,ok,,
teensy41_fastled_noneaudio,cylon,ok,,
teensy41_fastled_noneaudio,demo_asteroids,ok,,
teensy41_fastled_noneaudio,demo_breakout,ok,,
teensy41_fastled_noneaudio,dna_helix,ok,,
teensy41_fastled_noneaudio,electric_web,ok,,
teensy41_fastled_noneaudio,explosion,ok,,
teensy41_fastled_noneaudio,fade,ok,,
teensy41_fastled_noneaudio,fire,ok,,
teensy41_fastled_noneaudio,fireworks,ok,,
teensy41_fastled_noneaudio,force_particles,ok,,
teensy41_fastled_noneaudio,fractal_flame,ok,,
teensy41_fastled_noneaudio,frequency_particles_14,ok,,
teensy41_fastled_noneaudio,game_of_life,ok,,
teensy41_fastled_noneaudio,glitch_datamosh,ok,,
teensy41_fastled_noneaudio,gradient,ok,,
teensy41_fastled_noneaudio,gravity_blobs,ok,,
teensy41_fastled_noneaudio,hyperspace,ok,,
teensy41_fastled_noneaudio,impact_ripples,ok,,
teensy41_fastled_noneaudio,juggle,ok,,
teensy41_fastled_noneaudio,kaleidoscope,ok,,
teensy41_fastled_noneaudio,kick_burst,ok,,
teensy41_fastled_noneaudio,lightning,ok,,
teensy41_fastled_noneaudio,liquid_metal,ok,,
teensy41_fastled_noneaudio,meteor,ok,,
teensy41_fastled_noneaudio,msgeq7_reactive_ino,ok,,
teensy41_fastled_noneaudio,msgeq7_visualizer_575,ok,,
teensy41_fastled_noneaudio,neon_city,ok,,
teensy41_fastled_noneaudio,noise,ok,,
teensy41_fastled_noneaudio,plasma_lattice,ok,,
teensy41_fastled_noneaudio,portal,ok,,
teensy41_fastled_noneaudio,pulse,ok,,
teensy41_fastled_noneaudio,purpose_autoplay,ok,,
teensy41_fastled_noneaudio,purpose_bar,ok,,
teensy41_fastled_noneaudio,purpose_meter,ok,,
teensy41_fastled_noneaudio,rainbow,ok,,
teensy41_fastled_noneaudio,rainbow_wipe,ok,,
teensy41_fastled_noneaudio,reaction_diffusion,ok,,
teensy41_fastled_noneaudio,ripple,ok,,
teensy41_fastled_noneaudio,scanner,ok,,
teensy41_fastled_noneaudio,section_morph_palette,ok,,
teensy41_fastled_noneaudio,shock_chain,ok,,
teensy41_fastled_noneaudio,shooter_game_ino,ok,,
teensy41_fastled_noneaudio,sinelon,ok,,
teensy41_fastled_noneaudio,snake_game,ok,,
teensy41_fastled_noneaudio,snake_game_ino,ok,,
teensy41_fastled_noneaudio,snare_spark,ok,,
teensy41_fastled_noneaudio,solid,ok,,
teensy41_fastled_noneaudio,sparkle,ok,,
teensy41_fastled_noneaudio,spectral_dna_helix_14,ok,,
teensy41_fastled_noneaudio,spectral_kaleidoscope_audio,ok,,
teensy41_fastled_noneaudio,spectral_ripples_14,ok,,
teensy41_fastled_noneaudio,spectral_wave,ok,,
teensy41_fastled_noneaudio,spectrum_bars_stereo,ok,,
teensy41_fastled_noneaudio,starfield,ok,,
teensy41_fastled_noneaudio,stereo_call_response,ok,,
teensy41_fastled_noneaudio,stereo_dual_vortex,ok,,
teensy41_fastled_noneaudio,stereo_energy_field,ok,,
teensy41_fastled_noneaudio,strobe,ok,,
teensy41_fastled_noneaudio,sweep,ok,,
teensy41_fastled_noneaudio,theater_chase,ok,,
teensy41_fastled_noneaudio,tunnel,ok,,
teensy41_fastled_noneaudio,twinkle,ok,,
teensy41_fastled_noneaudio,volumetric_fog,ok,,
teensy41_fastled_noneaudio,vortex_particles,ok,,
teensy41_fastled_noneaudio,wave,ok,,
teensy41_fastled_noneaudio,wipe,ok,,
